distribution,heavy_permille,max_multiplier,repeat,ratio
heterogeneous_random,1,10,0,1.2493555059976766
heterogeneous_random,1,100,0,0.9619763744539405
heterogeneous_random,10,10,0,1.2355568051051364
heterogeneous_random,10,100,0,1.1669669031641234
heterogeneous_random,50,10,0,1.1400214053981739
heterogeneous_random,50,100,0,1.139280296461421
uniform_cost,0,10,0,1.076384058601052
uniform_cost,0,100,0,1.0690005375051657
heterogeneous_random,1,100,1,1.0009721025942122
heterogeneous_random,10,10,1,1.2424954672820174
heterogeneous_random,10,100,1,1.1767848410757946
heterogeneous_random,50,10,1,1.0970238931285796
heterogeneous_random,50,100,1,1.0136407596338526
uniform_cost,0,10,1,1.0363365092660453
uniform_cost,0,100,1,0.9977055490621094
heterogeneous_random,1,10,1,0.8903404810927534
heterogeneous_random,10,10,2,1.092906123505166
heterogeneous_random,10,100,2,1.0234001607241043
heterogeneous_random,50,10,2,1.023467354616151
heterogeneous_random,50,100,2,1.0770846712666937
uniform_cost,0,10,2,0.951220611206793
uniform_cost,0,100,2,0.972851476421331
heterogeneous_random,1,10,2,0.9892903157288707
heterogeneous_random,1,100,2,0.9313924315578975
heterogeneous_random,10,100,3,1.032012038539762
heterogeneous_random,50,10,3,1.0206342954669068
heterogeneous_random,50,100,3,1.0205548405375997
uniform_cost,0,10,3,1.2590693581977124
uniform_cost,0,100,3,1.0950961259451861
heterogeneous_random,1,10,3,1.0732666515117073
heterogeneous_random,1,100,3,0.9788823144081357
heterogeneous_random,10,10,3,1.0386560623094325
heterogeneous_random,50,10,4,1.0541561712846348
heterogeneous_random,50,100,4,1.1476056273447952
uniform_cost,0,10,4,1.0272880807249385
uniform_cost,0,100,4,1.034313700416869
heterogeneous_random,1,10,4,1.0525557994186832
heterogeneous_random,1,100,4,1.091414712041096
heterogeneous_random,10,10,4,1.0155943980516937
heterogeneous_random,10,100,4,1.0857909582816565
heterogeneous_random,50,100,5,1.093798508310302
uniform_cost,0,10,5,0.999111402608668
uniform_cost,0,100,5,1.0461208996948015
heterogeneous_random,1,10,5,0.9872852535545321
heterogeneous_random,1,100,5,1.0793666666666666
heterogeneous_random,10,10,5,1.099903484754382
heterogeneous_random,10,100,5,1.1940486925157798
heterogeneous_random,50,10,5,1.0312021129960036
uniform_cost,0,10,6,0.9560080960600003
uniform_cost,0,100,6,1.00654759666604
heterogeneous_random,1,10,6,1.0673779043529203
heterogeneous_random,1,100,6,1.0484366296612924
heterogeneous_random,10,10,6,1.015458783437096
heterogeneous_random,10,100,6,1.0555535279488208
heterogeneous_random,50,10,6,1.04672283079354
heterogeneous_random,50,100,6,1.029349459954178
uniform_cost,0,100,7,1.0299371062755778
heterogeneous_random,1,10,7,1.0752106570751532
heterogeneous_random,1,100,7,1.0198671862137094
heterogeneous_random,10,10,7,1.1080055114331273
heterogeneous_random,10,100,7,1.2591345066418882
heterogeneous_random,50,10,7,0.9015521530429909
heterogeneous_random,50,100,7,1.009474603687164
uniform_cost,0,10,7,1.1142567481941452
heterogeneous_random,1,10,8,1.1036906186487359
heterogeneous_random,1,100,8,1.0308393102179971
heterogeneous_random,10,10,8,1.1289788240807335
heterogeneous_random,10,100,8,1.0121823135992074
heterogeneous_random,50,10,8,1.082889926658139
heterogeneous_random,50,100,8,1.100458713336191
uniform_cost,0,10,8,1.073377366989954
uniform_cost,0,100,8,1.0896993361536678
heterogeneous_random,1,100,9,1.145590237953054
heterogeneous_random,10,10,9,1.1197604790419162
heterogeneous_random,10,100,9,1.2153802567071519
heterogeneous_random,50,10,9,1.0359416590134334
heterogeneous_random,50,100,9,1.057109280177756
uniform_cost,0,10,9,1.0789698577690596
uniform_cost,0,100,9,1.0044134257908635
heterogeneous_random,1,10,9,1.0066611654314837
