mode,threads,tasks,iterations,distribution,phase,seconds,submit_seconds,tasks_per_second,checksum,exactly_once,seed,heavy_tasks,shape_hash,queue_heavy_counts,queue_iteration_totals,repeat,heavy_permille,max_multiplier,loadavg
baseline,4,10000,50000,heterogeneous_random,prequeued,0.621199,0.00273954,16097.9,17194544596938874017,true,20261009,10,15847836353897700677,1|2|2|5,125450000|125900000|125900000|127250000,0,1,10,"(2.091796875, 0.96240234375, 0.41650390625)"
stealing,4,10000,50000,heterogeneous_random,prequeued,0.497215,0.0030565,20112,17194544596938874017,true,20261009,10,15847836353897700677,1|2|2|5,125450000|125900000|125900000|127250000,0,1,10,"(2.091796875, 0.96240234375, 0.41650390625)"
baseline,4,10000,50000,heterogeneous_random,prequeued,0.577077,0.00371178,17328.7,16665236489529259869,true,20261009,10,14365157602315322565,1|2|2|5,129950000|134900000|134900000|149750000,0,1,100,"(2.091796875, 0.96240234375, 0.41650390625)"
stealing,4,10000,50000,heterogeneous_random,prequeued,0.599886,0.00502543,16669.8,16665236489529259869,true,20261009,10,14365157602315322565,1|2|2|5,129950000|134900000|134900000|149750000,0,1,100,"(2.64501953125, 1.09619140625, 0.462890625)"
baseline,4,10000,50000,heterogeneous_random,prequeued,0.653836,0.00580012,15294.4,5463459729263424681,true,20261009,100,11155085233413901189,19|30|18|33,133550000|138500000|133100000|139850000,0,10,10,"(2.64501953125, 1.09619140625, 0.462890625)"
stealing,4,10000,50000,heterogeneous_random,prequeued,0.529183,0.00341955,18897.1,5463459729263424681,true,20261009,100,11155085233413901189,19|30|18|33,133550000|138500000|133100000|139850000,0,10,10,"(2.64501953125, 1.09619140625, 0.462890625)"
baseline,4,10000,50000,heterogeneous_random,prequeued,1.13013,0.00326454,8848.58,14217743287741674473,true,20261009,100,13293664429728568837,19|30|18|33,219050000|273500000|214100000|288350000,0,10,100,"(2.833984375, 1.1611328125, 0.4873046875)"
stealing,4,10000,50000,heterogeneous_random,prequeued,0.968432,0.00458389,10326,14217743287741674473,true,20261009,100,13293664429728568837,19|30|18|33,219050000|273500000|214100000|288350000,0,10,100,"(3.248046875, 1.27490234375, 0.52783203125)"
baseline,4,10000,50000,heterogeneous_random,prequeued,0.836146,0.00479618,11959.6,1698626399603876684,true,20261009,500,57584158539663589,140|127|105|128,188000000|182150000|172250000|182600000,0,50,10,"(3.548828125, 1.3701171875, 0.56298828125)"
stealing,4,10000,50000,heterogeneous_random,prequeued,0.73345,0.00323125,13634.2,1698626399603876684,true,20261009,500,57584158539663589,140|127|105|128,188000000|182150000|172250000|182600000,0,50,10,"(3.548828125, 1.3701171875, 0.56298828125)"
baseline,4,10000,50000,heterogeneous_random,prequeued,1.68367,0.00231682,5939.39,11168389122574591630,true,20261009,500,5291397623653704549,140|127|105|128,818000000|753650000|644750000|758600000,0,50,100,"(3.39697265625, 1.40771484375, 0.583984375)"
stealing,4,10000,50000,heterogeneous_random,prequeued,1.47784,0.0023075,6766.63,11168389122574591630,true,20261009,500,5291397623653704549,140|127|105|128,818000000|753650000|644750000|758600000,0,50,100,"(3.39697265625, 1.40771484375, 0.583984375)"
baseline,4,10000,9091,uniform_cost,prequeued,0.271704,0.00205809,36804.8,16387034185955414483,true,20261009,9999,6479110475969569519,2500|2500|2499|2500,126285077|122536737|123738577|127598071,0,0,10,"(3.4453125, 1.451171875, 0.6025390625)"
stealing,4,10000,9091,uniform_cost,prequeued,0.252422,0.00234166,39616.1,16387034185955414483,true,20261009,9999,6479110475969569519,2500|2500|2499|2500,126285077|122536737|123738577|127598071,0,0,10,"(3.4453125, 1.451171875, 0.6025390625)"
baseline,4,10000,990,uniform_cost,prequeued,0.270103,0.00202623,37022.9,1495553236188748914,true,20261009,10000,12532830839947950545,2500|2500|2500|2500,124828811|125116895|125121634|126135794,0,0,100,"(3.4453125, 1.451171875, 0.6025390625)"
stealing,4,10000,990,uniform_cost,prequeued,0.252669,0.00281498,39577.5,1495553236188748914,true,20261009,10000,12532830839947950545,2500|2500|2500|2500,124828811|125116895|125121634|126135794,0,0,100,"(3.4453125, 1.451171875, 0.6025390625)"
stealing,4,10000,50000,heterogeneous_random,prequeued,0.276683,0.00259083,36142.4,7137745765093716730,true,20261010,10,9640579601203574309,2|4|2|2,134900000|144800000|134900000|134900000,1,1,100,"(3.4453125, 1.451171875, 0.6025390625)"
baseline,4,10000,50000,heterogeneous_random,prequeued,0.276953,0.00205951,36107.3,7137745765093716730,true,20261010,10,9640579601203574309,2|4|2|2,134900000|144800000|134900000|134900000,1,1,100,"(3.48974609375, 1.49365234375, 0.62109375)"
stealing,4,10000,50000,heterogeneous_random,prequeued,0.265315,0.0022978,37691.1,3853601314859491397,true,20261010,100,1191820927393997797,19|27|23|31,133550000|137150000|135350000|138950000,1,10,10,"(3.48974609375, 1.49365234375, 0.62109375)"
baseline,4,10000,50000,heterogeneous_random,prequeued,0.329652,0.00221777,30335,3853601314859491397,true,20261010,100,1191820927393997797,19|27|23|31,133550000|137150000|135350000|138950000,1,10,10,"(3.48974609375, 1.49365234375, 0.62109375)"
stealing,4,10000,50000,heterogeneous_random,prequeued,0.51942,0.002081,19252.2,9806257629583130216,true,20261010,100,18084435308164548965,19|27|23|31,219050000|258650000|238850000|278450000,1,10,100,"(4.25146484375, 1.68505859375, 0.68798828125)"
baseline,4,10000,50000,heterogeneous_random,prequeued,0.611248,0.00203697,16360,9806257629583130216,true,20261010,100,18084435308164548965,19|27|23|31,219050000|258650000|238850000|278450000,1,10,100,"(4.25146484375, 1.68505859375, 0.68798828125)"
stealing,4,10000,50000,heterogeneous_random,prequeued,0.355649,0.00220162,28117.6,17340419290675654959,true,20261010,500,10332142723314176485,122|124|125|129,179900000|180800000|181250000|183050000,1,50,10,"(4.25146484375, 1.68505859375, 0.68798828125)"
baseline,4,10000,50000,heterogeneous_random,prequeued,0.390156,0.00224063,25630.8,17340419290675654959,true,20261010,500,10332142723314176485,122|124|125|129,179900000|180800000|181250000|183050000,1,50,10,"(4.25146484375, 1.68505859375, 0.68798828125)"
stealing,4,10000,50000,heterogeneous_random,prequeued,1.48846,0.00229098,6718.34,8933037751541098571,true,20261010,500,13676959793694256677,122|124|125|129,728900000|738800000|743750000|763550000,1,50,100,"(4.23193359375, 1.76220703125, 0.72412109375)"
baseline,4,10000,50000,heterogeneous_random,prequeued,1.50877,0.00226187,6627.93,8933037751541098571,true,20261010,500,13676959793694256677,122|124|125|129,728900000|738800000|743750000|763550000,1,50,100,"(4.29345703125, 1.81640625, 0.74755859375)"
stealing,4,10000,9091,uniform_cost,prequeued,0.252575,0.00230321,39592.2,15594148835359520149,true,20261010,10000,13815236907745800784,2500|2500|2500|2500,126079747|125463759|124715732|126291547,1,0,10,"(4.29345703125, 1.81640625, 0.74755859375)"
baseline,4,10000,9091,uniform_cost,prequeued,0.261752,0.00231461,38204,15594148835359520149,true,20261010,10000,13815236907745800784,2500|2500|2500|2500,126079747|125463759|124715732|126291547,1,0,10,"(4.29345703125, 1.81640625, 0.74755859375)"
stealing,4,10000,990,uniform_cost,prequeued,0.270556,0.0022393,36960.9,8913583248323590403,true,20261010,10000,2834682956369700752,2500|2500|2500|2500,123839932|124473627|124998636|126412752,1,0,100,"(4.29345703125, 1.81640625, 0.74755859375)"
baseline,4,10000,990,uniform_cost,prequeued,0.269935,0.00229677,37045.9,8913583248323590403,true,20261010,10000,2834682956369700752,2500|2500|2500|2500,123839932|124473627|124998636|126412752,1,0,100,"(4.29345703125, 1.81640625, 0.74755859375)"
stealing,4,10000,50000,heterogeneous_random,prequeued,0.282018,0.00208832,35458.7,11468463896963476175,true,20261010,10,13336371133549230117,2|4|2|2,125900000|126800000|125900000|125900000,1,1,10,"(4.029296875, 1.802734375, 0.7490234375)"
baseline,4,10000,50000,heterogeneous_random,prequeued,0.251092,0.00220261,39826,11468463896963476175,true,20261010,10,13336371133549230117,2|4|2|2,125900000|126800000|125900000|125900000,1,1,10,"(4.029296875, 1.802734375, 0.7490234375)"
baseline,4,10000,50000,heterogeneous_random,prequeued,0.308055,0.00219613,32461.8,10247202572596656896,true,20261011,100,6040520443244292933,22|20|27|31,134900000|134000000|137150000|138950000,2,10,10,"(4.029296875, 1.802734375, 0.7490234375)"
stealing,4,10000,50000,heterogeneous_random,prequeued,0.281867,0.0022333,35477.7,10247202572596656896,true,20261011,100,6040520443244292933,22|20|27|31,134900000|134000000|137150000|138950000,2,10,10,"(4.029296875, 1.802734375, 0.7490234375)"
baseline,4,10000,50000,heterogeneous_random,prequeued,0.528697,0.00203243,18914.4,14790524941754309906,true,20261011,100,11668386160264036229,22|20|27|31,233900000|224000000|258650000|278450000,2,10,100,"(3.78662109375, 1.7890625, 0.75048828125)"
stealing,4,10000,50000,heterogeneous_random,prequeued,0.51661,0.00215706,19357,14790524941754309906,true,20261011,100,11668386160264036229,22|20|27|31,233900000|224000000|258650000|278450000,2,10,100,"(3.78662109375, 1.7890625, 0.75048828125)"
baseline,4,10000,50000,heterogeneous_random,prequeued,0.37173,0.00204503,26901.2,5165662620412637317,true,20261011,500,3126657096679404005,125|133|115|127,181250000|184850000|176750000|182150000,2,50,10,"(3.78662109375, 1.7890625, 0.75048828125)"
stealing,4,10000,50000,heterogeneous_random,prequeued,0.363207,0.00221402,27532.5,5165662620412637317,true,20261011,500,3126657096679404005,125|133|115|127,181250000|184850000|176750000|182150000,2,50,10,"(3.8037109375, 1.826171875, 0.76806640625)"
baseline,4,10000,50000,heterogeneous_random,prequeued,1.64248,0.00323129,6088.37,4449639541933252542,true,20261011,500,4480682344866791781,125|133|115|127,743750000|783350000|694250000|753650000,2,50,100,"(3.6591796875, 1.8291015625, 0.77490234375)"
stealing,4,10000,50000,heterogeneous_random,prequeued,1.52493,0.00206196,6557.69,4449639541933252542,true,20261011,500,4480682344866791781,125|133|115|127,743750000|783350000|694250000|753650000,2,50,100,"(3.6865234375, 1.865234375, 0.79248046875)"
baseline,4,10000,9091,uniform_cost,prequeued,0.250331,0.00302851,39947.2,14130922278004475019,true,20261011,10000,5291072391964524446,2500|2500|2500|2500,125313891|124043683|124868330|125581453,2,0,10,"(3.6865234375, 1.865234375, 0.79248046875)"
stealing,4,10000,9091,uniform_cost,prequeued,0.263167,0.00304132,37998.6,14130922278004475019,true,20261011,10000,5291072391964524446,2500|2500|2500|2500,125313891|124043683|124868330|125581453,2,0,10,"(3.6865234375, 1.865234375, 0.79248046875)"
baseline,4,10000,990,uniform_cost,prequeued,0.267105,0.00203837,37438.5,4469845101951177380,true,20261011,10000,2833264548612217477,2500|2500|2500|2500,126020996|126896421|122742251|125556728,2,0,100,"(3.47119140625, 1.8505859375, 0.7939453125)"
stealing,4,10000,990,uniform_cost,prequeued,0.274558,0.00208417,36422.1,4469845101951177380,true,20261011,10000,2833264548612217477,2500|2500|2500|2500,126020996|126896421|122742251|125556728,2,0,100,"(3.47119140625, 1.8505859375, 0.7939453125)"
baseline,4,10000,50000,heterogeneous_random,prequeued,0.27948,0.0020331,35780.7,10742875834617699566,true,20261011,10,15583835548143662181,2|2|4|2,125900000|125900000|126800000|125900000,2,1,10,"(3.47119140625, 1.8505859375, 0.7939453125)"
stealing,4,10000,50000,heterogeneous_random,prequeued,0.282506,0.00228115,35397.5,10742875834617699566,true,20261011,10,15583835548143662181,2|2|4|2,125900000|125900000|126800000|125900000,2,1,10,"(3.47119140625, 1.8505859375, 0.7939453125)"
baseline,4,10000,50000,heterogeneous_random,prequeued,0.282848,0.00215626,35354.7,12475951732322223586,true,20261011,10,14762335652065148261,2|2|4|2,134900000|134900000|144800000|134900000,2,1,100,"(3.513671875, 1.88671875, 0.8115234375)"
stealing,4,10000,50000,heterogeneous_random,prequeued,0.303683,0.00227963,32929.1,12475951732322223586,true,20261011,10,14762335652065148261,2|2|4|2,134900000|134900000|144800000|134900000,2,1,100,"(3.513671875, 1.88671875, 0.8115234375)"
stealing,4,10000,50000,heterogeneous_random,prequeued,0.497659,0.00215981,20094.1,8224445394043622318,true,20261012,100,1164616997512376709,25|24|25|26,248750000|243800000|248750000|253700000,3,10,100,"(3.513671875, 1.88671875, 0.8115234375)"
baseline,4,10000,50000,heterogeneous_random,prequeued,0.51359,0.00225042,19470.8,8224445394043622318,true,20261012,100,1164616997512376709,25|24|25|26,248750000|243800000|248750000|253700000,3,10,100,"(3.513671875, 1.88671875, 0.8115234375)"
stealing,4,10000,50000,heterogeneous_random,prequeued,0.367518,0.00208517,27209.6,10187321198898607810,true,20261012,500,10102476477948864197,123|117|129|131,180350000|177650000|183050000|183950000,3,50,10,"(3.31201171875, 1.87158203125, 0.81298828125)"
baseline,4,10000,50000,heterogeneous_random,prequeued,0.3751,0.00206013,26659.5,10187321198898607810,true,20261012,500,10102476477948864197,123|117|129|131,180350000|177650000|183050000|183950000,3,50,10,"(3.31201171875, 1.87158203125, 0.81298828125)"
stealing,4,10000,50000,heterogeneous_random,prequeued,1.47671,0.0023069,6771.81,12389816042542849801,true,20261012,500,12913345214257492485,123|117|129|131,733850000|704150000|763550000|773450000,3,50,100,"(3.19677734375, 1.892578125, 0.83203125)"
baseline,4,10000,50000,heterogeneous_random,prequeued,1.50706,0.00213504,6635.42,12389816042542849801,true,20261012,500,12913345214257492485,123|117|129|131,733850000|704150000|763550000|773450000,3,50,100,"(3.19677734375, 1.892578125, 0.83203125)"
stealing,4,10000,9091,uniform_cost,prequeued,0.251378,0.00210232,39780.8,8422559832393172548,true,20261012,10000,5543059224354576946,2500|2500|2500|2500,123814760|126191591|124611425|124489881,3,0,10,"(3.26123046875, 1.927734375, 0.84912109375)"
baseline,4,10000,9091,uniform_cost,prequeued,0.316501,0.00300938,31595.4,8422559832393172548,true,20261012,10000,5543059224354576946,2500|2500|2500|2500,123814760|126191591|124611425|124489881,3,0,10,"(3.26123046875, 1.927734375, 0.84912109375)"
stealing,4,10000,990,uniform_cost,prequeued,0.259777,0.00246211,38494.6,5981157300356278253,true,20261012,10000,10540341535034293714,2500|2500|2500|2500,123950196|125864819|124141280|125853118,3,0,100,"(3.26123046875, 1.927734375, 0.84912109375)"
baseline,4,10000,990,uniform_cost,prequeued,0.28448,0.00226998,35151.8,5981157300356278253,true,20261012,10000,10540341535034293714,2500|2500|2500|2500,123950196|125864819|124141280|125853118,3,0,100,"(3.26123046875, 1.927734375, 0.84912109375)"
stealing,4,10000,50000,heterogeneous_random,prequeued,0.264757,0.00208623,37770.4,15598431805405790213,true,20261012,10,893309254687104997,3|3|2|2,126350000|126350000|125900000|125900000,3,1,10,"(3.26123046875, 1.927734375, 0.84912109375)"
baseline,4,10000,50000,heterogeneous_random,prequeued,0.284156,0.00230227,35192,15598431805405790213,true,20261012,10,893309254687104997,3|3|2|2,126350000|126350000|125900000|125900000,3,1,10,"(3.32080078125, 1.96240234375, 0.8662109375)"
stealing,4,10000,50000,heterogeneous_random,prequeued,0.274259,0.00230279,36461.8,8328746016060855809,true,20261012,10,15583120599503041637,3|3|2|2,139850000|139850000|134900000|134900000,3,1,100,"(3.32080078125, 1.96240234375, 0.8662109375)"
baseline,4,10000,50000,heterogeneous_random,prequeued,0.268468,0.00281076,37248.4,8328746016060855809,true,20261012,10,15583120599503041637,3|3|2|2,139850000|139850000|134900000|134900000,3,1,100,"(3.32080078125, 1.96240234375, 0.8662109375)"
stealing,4,10000,50000,heterogeneous_random,prequeued,0.268582,0.00219371,37232.6,550028318109166497,true,20261012,100,15415662806080988933,25|24|25|26,136250000|135800000|136250000|136700000,3,10,10,"(3.32080078125, 1.96240234375, 0.8662109375)"
baseline,4,10000,50000,heterogeneous_random,prequeued,0.278964,0.00235383,35846.9,550028318109166497,true,20261012,100,15415662806080988933,25|24|25|26,136250000|135800000|136250000|136700000,3,10,10,"(3.32080078125, 1.96240234375, 0.8662109375)"
baseline,4,10000,50000,heterogeneous_random,prequeued,0.373722,0.00202836,26757.8,14579143201526564892,true,20261013,500,14985495445047660421,116|122|120|142,177200000|179900000|179000000|188900000,4,50,10,"(3.134765625, 1.9462890625, 0.8671875)"
stealing,4,10000,50000,heterogeneous_random,prequeued,0.354523,0.00216392,28206.9,14579143201526564892,true,20261013,500,14985495445047660421,116|122|120|142,177200000|179900000|179000000|188900000,4,50,10,"(3.134765625, 1.9462890625, 0.8671875)"
baseline,4,10000,50000,heterogeneous_random,prequeued,1.63757,0.00237444,6106.61,16140815187868191203,true,20261013,500,9481495170652335877,116|122|120|142,699200000|728900000|719000000|827900000,4,50,100,"(3.046875, 1.96484375, 0.88525390625)"
stealing,4,10000,50000,heterogeneous_random,prequeued,1.42694,0.00231837,7007.98,16140815187868191203,true,20261013,500,9481495170652335877,116|122|120|142,699200000|728900000|719000000|827900000,4,50,100,"(3.046875, 1.96484375, 0.88525390625)"
baseline,4,10000,9091,uniform_cost,prequeued,0.250948,0.00210814,39848.9,6999616037593758183,true,20261013,10000,17258800491910752972,2500|2500|2500|2500,125222364|122090723|125401992|127294646,4,0,10,"(2.962890625, 1.9658203125, 0.8916015625)"
stealing,4,10000,9091,uniform_cost,prequeued,0.244282,0.00231023,40936.3,6999616037593758183,true,20261013,10000,17258800491910752972,2500|2500|2500|2500,125222364|122090723|125401992|127294646,4,0,10,"(2.962890625, 1.9658203125, 0.8916015625)"
baseline,4,10000,990,uniform_cost,prequeued,0.255748,0.00234155,39101,5575007591083192835,true,20261013,10000,10584866395064389984,2500|2500|2500|2500,122829284|128460729|123667720|126524280,4,0,100,"(2.962890625, 1.9658203125, 0.8916015625)"
stealing,4,10000,990,uniform_cost,prequeued,0.247264,0.0021393,40442.7,5575007591083192835,true,20261013,10000,10584866395064389984,2500|2500|2500|2500,122829284|128460729|123667720|126524280,4,0,100,"(2.962890625, 1.9658203125, 0.8916015625)"
baseline,4,10000,50000,heterogeneous_random,prequeued,0.269627,0.00230671,37088.2,4825639764338264638,true,20261013,10,2151304740482123365,2|3|3|2,125900000|126350000|126350000|125900000,4,1,10,"(2.962890625, 1.9658203125, 0.8916015625)"
stealing,4,10000,50000,heterogeneous_random,prequeued,0.256165,0.00236125,39037.4,4825639764338264638,true,20261013,10,2151304740482123365,2|3|3|2,125900000|126350000|126350000|125900000,4,1,10,"(3.04638671875, 2.0, 0.90869140625)"
baseline,4,10000,50000,heterogeneous_random,prequeued,0.301291,0.00209141,33190.5,6585971615672128600,true,20261013,10,14191893100459449253,2|3|3|2,134900000|139850000|139850000|134900000,4,1,100,"(3.04638671875, 2.0, 0.90869140625)"
stealing,4,10000,50000,heterogeneous_random,prequeued,0.276056,0.00229333,36224.6,6585971615672128600,true,20261013,10,14191893100459449253,2|3|3|2,134900000|139850000|139850000|134900000,4,1,100,"(3.04638671875, 2.0, 0.90869140625)"
baseline,4,10000,50000,heterogeneous_random,prequeued,0.283844,0.00225246,35230.6,5215010348704754463,true,20261013,100,15041959418136829189,24|19|31|26,135800000|133550000|138950000|136700000,4,10,10,"(3.04638671875, 2.0, 0.90869140625)"
stealing,4,10000,50000,heterogeneous_random,prequeued,0.279486,0.0023549,35780,5215010348704754463,true,20261013,100,15041959418136829189,24|19|31|26,135800000|133550000|138950000|136700000,4,10,10,"(3.04638671875, 2.0, 0.90869140625)"
baseline,4,10000,50000,heterogeneous_random,prequeued,0.54878,0.0030623,18222.2,17205251820789950447,true,20261013,100,2325882371522636677,24|19|31|26,243800000|219050000|278450000|253700000,4,10,100,"(2.88232421875, 1.9833984375, 0.90966796875)"
stealing,4,10000,50000,heterogeneous_random,prequeued,0.50542,0.00230849,19785.5,17205251820789950447,true,20261013,100,2325882371522636677,24|19|31|26,243800000|219050000|278450000|253700000,4,10,100,"(2.88232421875, 1.9833984375, 0.90966796875)"
stealing,4,10000,50000,heterogeneous_random,prequeued,1.44223,0.00207693,6933.72,9998740008161306312,true,20261014,500,9590250307994969061,119|121|125|135,714050000|723950000|743750000|793250000,5,50,100,"(2.83349609375, 2.0009765625, 0.9267578125)"
baseline,4,10000,50000,heterogeneous_random,prequeued,1.5775,0.00202357,6339.12,9998740008161306312,true,20261014,500,9590250307994969061,119|121|125|135,714050000|723950000|743750000|793250000,5,50,100,"(2.6865234375, 1.98388671875, 0.92724609375)"
stealing,4,10000,9091,uniform_cost,prequeued,0.264699,0.00304676,37778.8,14781307271935143359,true,20261014,10000,15395049791361419754,2500|2500|2500|2500,125055934|125557825|126689025|125070189,5,0,10,"(2.6865234375, 1.98388671875, 0.92724609375)"
baseline,4,10000,9091,uniform_cost,prequeued,0.264463,0.00208781,37812.4,14781307271935143359,true,20261014,10000,15395049791361419754,2500|2500|2500|2500,125055934|125557825|126689025|125070189,5,0,10,"(2.6865234375, 1.98388671875, 0.92724609375)"
stealing,4,10000,990,uniform_cost,prequeued,0.245162,0.00271942,40789.3,17585044635998422020,true,20261014,9999,14356220545162496886,2500|2499|2500|2500,124033913|126890375|127328971|126780154,5,0,100,"(2.6865234375, 1.98388671875, 0.92724609375)"
baseline,4,10000,990,uniform_cost,prequeued,0.256469,0.00276642,38991,17585044635998422020,true,20261014,9999,14356220545162496886,2500|2499|2500|2500,124033913|126890375|127328971|126780154,5,0,100,"(2.6865234375, 1.98388671875, 0.92724609375)"
stealing,4,10000,50000,heterogeneous_random,prequeued,0.254214,0.0029541,39336.9,10519736023101939452,true,20261014,10,3941836567455962789,2|2|6|0,125900000|125900000|127700000|125000000,5,1,10,"(2.55126953125, 1.96728515625, 0.927734375)"
baseline,4,10000,50000,heterogeneous_random,prequeued,0.250982,0.00202157,39843.5,10519736023101939452,true,20261014,10,3941836567455962789,2|2|6|0,125900000|125900000|127700000|125000000,5,1,10,"(2.55126953125, 1.96728515625, 0.927734375)"
stealing,4,10000,50000,heterogeneous_random,prequeued,0.280748,0.00239902,35619.1,14329792374534885794,true,20261014,10,16817397872944880549,2|2|6|0,134900000|134900000|154700000|125000000,5,1,100,"(2.55126953125, 1.96728515625, 0.927734375)"
baseline,4,10000,50000,heterogeneous_random,prequeued,0.30303,0.0022853,33000,14329792374534885794,true,20261014,10,16817397872944880549,2|2|6|0,134900000|134900000|154700000|125000000,5,1,100,"(2.55126953125, 1.96728515625, 0.927734375)"
stealing,4,10000,50000,heterogeneous_random,prequeued,0.265102,0.00232504,37721.3,14490328313628557279,true,20261014,100,7794705632692678053,24|24|32|20,135800000|135800000|139400000|134000000,5,10,10,"(2.55126953125, 1.96728515625, 0.927734375)"
baseline,4,10000,50000,heterogeneous_random,prequeued,0.291587,0.00297584,34295.1,14490328313628557279,true,20261014,100,7794705632692678053,24|24|32|20,135800000|135800000|139400000|134000000,5,10,10,"(2.74755859375, 2.01806640625, 0.94970703125)"
stealing,4,10000,50000,heterogeneous_random,prequeued,0.487208,0.00234338,20525.1,16474629317874708555,true,20261014,100,18050732374161538789,24|24|32|20,243800000|243800000|283400000|224000000,5,10,100,"(2.74755859375, 2.01806640625, 0.94970703125)"
baseline,4,10000,50000,heterogeneous_random,prequeued,0.581749,0.00210277,17189.5,16474629317874708555,true,20261014,100,18050732374161538789,24|24|32|20,243800000|243800000|283400000|224000000,5,10,100,"(2.74755859375, 2.01806640625, 0.94970703125)"
stealing,4,10000,50000,heterogeneous_random,prequeued,0.373371,0.00251711,26783,5652504046285644152,true,20261014,500,16455201712751897573,119|121|125|135,178550000|179450000|181250000|185750000,5,50,10,"(2.607421875, 2.0009765625, 0.9501953125)"
baseline,4,10000,50000,heterogeneous_random,prequeued,0.385022,0.00217801,25972.6,5652504046285644152,true,20261014,500,16455201712751897573,119|121|125|135,178550000|179450000|181250000|185750000,5,50,10,"(2.607421875, 2.0009765625, 0.9501953125)"
baseline,4,10000,9091,uniform_cost,prequeued,0.248345,0.00211882,40266.5,15413242050316411303,true,20261015,10000,7397410914492963699,2500|2500|2500|2500,125572469|123219360|127228633|124251114,6,0,10,"(2.607421875, 2.0009765625, 0.9501953125)"
stealing,4,10000,9091,uniform_cost,prequeued,0.259773,0.00219921,38495.1,15413242050316411303,true,20261015,10000,7397410914492963699,2500|2500|2500|2500,125572469|123219360|127228633|124251114,6,0,10,"(2.607421875, 2.0009765625, 0.9501953125)"
baseline,4,10000,990,uniform_cost,prequeued,0.250674,0.00209728,39892.5,16447114890343036068,true,20261015,10000,10459029017591385912,2500|2500|2500|2500,124430840|126503124|125247834|126782217,6,0,100,"(2.478515625, 1.98388671875, 0.95068359375)"
stealing,4,10000,990,uniform_cost,prequeued,0.249043,0.00218061,40153.7,16447114890343036068,true,20261015,10000,10459029017591385912,2500|2500|2500|2500,124430840|126503124|125247834|126782217,6,0,100,"(2.478515625, 1.98388671875, 0.95068359375)"
baseline,4,10000,50000,heterogeneous_random,prequeued,0.280309,0.00229206,35674.9,12503545680146390859,true,20261015,10,10571571192891969061,3|2|4|1,126350000|125900000|126800000|125450000,6,1,10,"(2.478515625, 1.98388671875, 0.95068359375)"
stealing,4,10000,50000,heterogeneous_random,prequeued,0.262615,0.00212132,38078.6,12503545680146390859,true,20261015,10,10571571192891969061,3|2|4|1,126350000|125900000|126800000|125450000,6,1,10,"(2.478515625, 1.98388671875, 0.95068359375)"
baseline,4,10000,50000,heterogeneous_random,prequeued,0.29787,0.00227765,33571.7,13230045746782346524,true,20261015,10,4213876281684102053,3|2|4|1,139850000|134900000|144800000|129950000,6,1,100,"(2.6005859375, 2.017578125, 0.96728515625)"
stealing,4,10000,50000,heterogeneous_random,prequeued,0.284108,0.00275114,35197.8,13230045746782346524,true,20261015,10,4213876281684102053,3|2|4|1,139850000|134900000|144800000|129950000,6,1,100,"(2.6005859375, 2.017578125, 0.96728515625)"
baseline,4,10000,50000,heterogeneous_random,prequeued,0.274384,0.00217136,36445.3,15167969456176755565,true,20261015,100,17730469576583021381,26|26|19|29,136700000|136700000|133550000|138050000,6,10,10,"(2.6005859375, 2.017578125, 0.96728515625)"
stealing,4,10000,50000,heterogeneous_random,prequeued,0.270207,0.0028694,37008.7,15167969456176755565,true,20261015,100,17730469576583021381,26|26|19|29,136700000|136700000|133550000|138050000,6,10,10,"(2.6005859375, 2.017578125, 0.96728515625)"
baseline,4,10000,50000,heterogeneous_random,prequeued,0.521385,0.00211693,19179.7,5515267887287605681,true,20261015,100,9739417804481916485,26|26|19|29,253700000|253700000|219050000|268550000,6,10,100,"(2.712890625, 2.05078125, 0.98388671875)"
stealing,4,10000,50000,heterogeneous_random,prequeued,0.493943,0.00215406,20245.2,5515267887287605681,true,20261015,100,9739417804481916485,26|26|19|29,253700000|253700000|219050000|268550000,6,10,100,"(2.712890625, 2.05078125, 0.98388671875)"
baseline,4,10000,50000,heterogeneous_random,prequeued,0.37983,0.00234237,26327.6,704212195803444266,true,20261015,500,8990628808447165029,117|131|129|123,177650000|183950000|183050000|180350000,6,50,10,"(2.712890625, 2.05078125, 0.98388671875)"
stealing,4,10000,50000,heterogeneous_random,prequeued,0.362874,0.00223611,27557.7,704212195803444266,true,20261015,500,8990628808447165029,117|131|129|123,177650000|183950000|183050000|180350000,6,50,10,"(2.712890625, 2.05078125, 0.98388671875)"
baseline,4,10000,50000,heterogeneous_random,prequeued,1.51528,0.00319779,6599.44,15171433833009344809,true,20261015,500,1523822578895555749,117|131|129|123,704150000|773450000|763550000|733850000,6,50,100,"(2.60986328125, 2.04931640625, 0.99560546875)"
stealing,4,10000,50000,heterogeneous_random,prequeued,1.47208,0.00302778,6793.13,15171433833009344809,true,20261015,500,1523822578895555749,117|131|129|123,704150000|773450000|763550000|733850000,6,50,100,"(2.72119140625, 2.08203125, 1.01220703125)"
stealing,4,10000,990,uniform_cost,prequeued,0.248032,0.00297608,40317.3,8039467047754686354,true,20261016,10000,14145831733119867685,2500|2500|2500|2500,125797267|124070808|122899376|122183269,7,0,100,"(2.72119140625, 2.08203125, 1.01220703125)"
baseline,4,10000,990,uniform_cost,prequeued,0.255458,0.00225773,39145.4,8039467047754686354,true,20261016,10000,14145831733119867685,2500|2500|2500|2500,125797267|124070808|122899376|122183269,7,0,100,"(2.72119140625, 2.08203125, 1.01220703125)"
stealing,4,10000,50000,heterogeneous_random,prequeued,0.254196,0.00213926,39339.7,16460605271697804130,true,20261016,10,7911777779574905861,1|3|2|4,125450000|126350000|125900000|126800000,7,1,10,"(2.72119140625, 2.08203125, 1.01220703125)"
baseline,4,10000,50000,heterogeneous_random,prequeued,0.273314,0.0021907,36587.9,16460605271697804130,true,20261016,10,7911777779574905861,1|3|2|4,125450000|126350000|125900000|126800000,7,1,10,"(2.6630859375, 2.08056640625, 1.017578125)"
stealing,4,10000,50000,heterogeneous_random,prequeued,0.283224,0.00222642,35307.7,477038778284153544,true,20261016,10,13407406602336164549,1|3|2|4,129950000|139850000|134900000|144800000,7,1,100,"(2.6630859375, 2.08056640625, 1.017578125)"
baseline,4,10000,50000,heterogeneous_random,prequeued,0.288851,0.00205827,34619.9,477038778284153544,true,20261016,10,13407406602336164549,1|3|2|4,129950000|139850000|134900000|144800000,7,1,100,"(2.6630859375, 2.08056640625, 1.017578125)"
stealing,4,10000,50000,heterogeneous_random,prequeued,0.279449,0.00222583,35784.7,17530884662595394850,true,20261016,100,4527430811696074949,23|21|26|30,135350000|134450000|136700000|138500000,7,10,10,"(2.6630859375, 2.08056640625, 1.017578125)"
baseline,4,10000,50000,heterogeneous_random,prequeued,0.309631,0.00284169,32296.5,17530884662595394850,true,20261016,100,4527430811696074949,23|21|26|30,135350000|134450000|136700000|138500000,7,10,10,"(2.6630859375, 2.08056640625, 1.017578125)"
stealing,4,10000,50000,heterogeneous_random,prequeued,0.4855,0.00220984,20597.3,7506670190509271510,true,20261016,100,4945836692613025157,23|21|26|30,238850000|228950000|253700000|273500000,7,10,100,"(2.60986328125, 2.0791015625, 1.02294921875)"
baseline,4,10000,50000,heterogeneous_random,prequeued,0.61131,0.00210094,16358.3,7506670190509271510,true,20261016,100,4945836692613025157,23|21|26|30,238850000|228950000|253700000|273500000,7,10,100,"(2.60986328125, 2.0791015625, 1.02294921875)"
stealing,4,10000,50000,heterogeneous_random,prequeued,0.388634,0.00298268,25731.2,14265145467776016813,true,20261016,500,8247028991325652581,119|130|127|124,178550000|183500000|182150000|180800000,7,50,10,"(2.48046875, 2.06103515625, 1.0224609375)"
baseline,4,10000,50000,heterogeneous_random,prequeued,0.350374,0.00217468,28541,14265145467776016813,true,20261016,500,8247028991325652581,119|130|127|124,178550000|183500000|182150000|180800000,7,50,10,"(2.48046875, 2.06103515625, 1.0224609375)"
stealing,4,10000,50000,heterogeneous_random,prequeued,1.47411,0.00214738,6783.74,17618404680841162988,true,20261016,500,9906247677955547109,119|130|127|124,714050000|768500000|753650000|738800000,7,50,100,"(2.4931640625, 2.07568359375, 1.0380859375)"
baseline,4,10000,50000,heterogeneous_random,prequeued,1.48808,0.00206265,6720.07,17618404680841162988,true,20261016,500,9906247677955547109,119|130|127|124,714050000|768500000|753650000|738800000,7,50,100,"(2.4931640625, 2.07568359375, 1.0380859375)"
stealing,4,10000,9091,uniform_cost,prequeued,0.252738,0.00220149,39566.7,3388355885807227666,true,20261016,10000,16889313074620365915,2500|2500|2500|2500,126164718|122910149|126949417|124746560,7,0,10,"(2.4931640625, 2.07568359375, 1.0380859375)"
baseline,4,10000,9091,uniform_cost,prequeued,0.281615,0.00236761,35509.5,3388355885807227666,true,20261016,10000,16889313074620365915,2500|2500|2500|2500,126164718|122910149|126949417|124746560,7,0,10,"(2.6142578125, 2.10791015625, 1.05419921875)"
baseline,4,10000,50000,heterogeneous_random,prequeued,0.271349,0.00219317,36852.9,1751901154136283221,true,20261017,10,2774923444662701509,2|3|2|3,125900000|126350000|125900000|126350000,8,1,10,"(2.6142578125, 2.10791015625, 1.05419921875)"
stealing,4,10000,50000,heterogeneous_random,prequeued,0.245856,0.00297359,40674.2,1751901154136283221,true,20261017,10,2774923444662701509,2|3|2|3,125900000|126350000|125900000|126350000,8,1,10,"(2.6142578125, 2.10791015625, 1.05419921875)"
baseline,4,10000,50000,heterogeneous_random,prequeued,0.282929,0.00209776,35344.5,8460065406889510834,true,20261017,10,1276069929131303621,2|3|2|3,134900000|139850000|134900000|139850000,8,1,100,"(2.6142578125, 2.10791015625, 1.05419921875)"
stealing,4,10000,50000,heterogeneous_random,prequeued,0.274465,0.0020749,36434.5,8460065406889510834,true,20261017,10,1276069929131303621,2|3|2|3,134900000|139850000|134900000|139850000,8,1,100,"(2.6142578125, 2.10791015625, 1.05419921875)"
baseline,4,10000,50000,heterogeneous_random,prequeued,0.325433,0.00226048,30728.3,9231506540974427759,true,20261017,100,1855853279821113861,26|23|25|26,136700000|135350000|136250000|136700000,8,10,10,"(2.48486328125, 2.08935546875, 1.0537109375)"
stealing,4,10000,50000,heterogeneous_random,prequeued,0.288254,0.00211538,34691.6,9231506540974427759,true,20261017,100,1855853279821113861,26|23|25|26,136700000|135350000|136250000|136700000,8,10,10,"(2.48486328125, 2.08935546875, 1.0537109375)"
baseline,4,10000,50000,heterogeneous_random,prequeued,0.495416,0.00221426,20185,14069407371367257601,true,20261017,100,18401604931694113157,26|23|25|26,253700000|238850000|248750000|253700000,8,10,100,"(2.48486328125, 2.08935546875, 1.0537109375)"
stealing,4,10000,50000,heterogeneous_random,prequeued,0.489454,0.00220331,20430.9,14069407371367257601,true,20261017,100,18401604931694113157,26|23|25|26,253700000|238850000|248750000|253700000,8,10,100,"(2.6064453125, 2.12109375, 1.06982421875)"
baseline,4,10000,50000,heterogeneous_random,prequeued,0.378442,0.0021622,26424.2,7572133110098277233,true,20261017,500,11713474554235071365,112|133|133|122,175400000|184850000|184850000|179900000,8,50,10,"(2.6064453125, 2.12109375, 1.06982421875)"
stealing,4,10000,50000,heterogeneous_random,prequeued,0.349473,0.00227004,28614.5,7572133110098277233,true,20261017,500,11713474554235071365,112|133|133|122,175400000|184850000|184850000|179900000,8,50,10,"(2.6064453125, 2.12109375, 1.06982421875)"
baseline,4,10000,50000,heterogeneous_random,prequeued,1.64237,0.0020503,6088.77,1620482605494023404,true,20261017,500,15982646634661305029,112|133|133|122,679400000|783350000|783350000|728900000,8,50,100,"(2.6796875, 2.150390625, 1.0908203125)"
stealing,4,10000,50000,heterogeneous_random,prequeued,1.49244,0.00220454,6700.44,1620482605494023404,true,20261017,500,15982646634661305029,112|133|133|122,679400000|783350000|783350000|728900000,8,50,100,"(2.78564453125, 2.18115234375, 1.10693359375)"
baseline,4,10000,9091,uniform_cost,prequeued,0.271366,0.00236589,36850.6,12674554787022894402,true,20261017,10000,4911128964298988176,2500|2500|2500|2500,126168940|124239277|124939127|123419507,8,0,10,"(2.78564453125, 2.18115234375, 1.10693359375)"
stealing,4,10000,9091,uniform_cost,prequeued,0.252815,0.00210802,39554.6,12674554787022894402,true,20261017,10000,4911128964298988176,2500|2500|2500|2500,126168940|124239277|124939127|123419507,8,0,10,"(2.78564453125, 2.18115234375, 1.10693359375)"
baseline,4,10000,990,uniform_cost,prequeued,0.276143,0.00202864,36213.2,14708176323789339626,true,20261017,10000,8622443587549734902,2500|2500|2500|2500,125753768|125943075|125536587|124568161,8,0,100,"(2.78564453125, 2.18115234375, 1.10693359375)"
stealing,4,10000,990,uniform_cost,prequeued,0.253411,0.00277246,39461.5,14708176323789339626,true,20261017,10000,8622443587549734902,2500|2500|2500|2500,125753768|125943075|125536587|124568161,8,0,100,"(2.78564453125, 2.18115234375, 1.10693359375)"
stealing,4,10000,50000,heterogeneous_random,prequeued,0.27581,0.00239871,36256.9,8222144125840911817,true,20261018,10,5799398365710911589,3|0|1|6,139850000|125000000|129950000|154700000,9,1,100,"(2.642578125, 2.1611328125, 1.10595703125)"
baseline,4,10000,50000,heterogeneous_random,prequeued,0.315965,0.00305525,31649.1,8222144125840911817,true,20261018,10,5799398365710911589,3|0|1|6,139850000|125000000|129950000|154700000,9,1,100,"(2.642578125, 2.1611328125, 1.10595703125)"
stealing,4,10000,50000,heterogeneous_random,prequeued,0.265126,0.00238434,37717.9,11883301199216479724,true,20261018,100,3071371490644994053,29|15|25|31,138050000|131750000|136250000|138950000,9,10,10,"(2.642578125, 2.1611328125, 1.10595703125)"
baseline,4,10000,50000,heterogeneous_random,prequeued,0.296878,0.00271476,33683.9,11883301199216479724,true,20261018,100,3071371490644994053,29|15|25|31,138050000|131750000|136250000|138950000,9,10,10,"(2.642578125, 2.1611328125, 1.10595703125)"
stealing,4,10000,50000,heterogeneous_random,prequeued,0.506756,0.00224584,19733.4,16729150908618978703,true,20261018,100,234826985069733125,29|15|25|31,268550000|199250000|248750000|278450000,9,10,100,"(2.5107421875, 2.1416015625, 1.10498046875)"
baseline,4,10000,50000,heterogeneous_random,prequeued,0.615901,0.00214151,16236.4,16729150908618978703,true,20261018,100,234826985069733125,29|15|25|31,268550000|199250000|248750000|278450000,9,10,100,"(2.5107421875, 2.1416015625, 1.10498046875)"
stealing,4,10000,50000,heterogeneous_random,prequeued,0.375646,0.0029204,26620.8,7533239128038286897,true,20261018,500,11523462988902872069,126|115|117|142,181700000|176750000|177650000|188900000,9,50,10,"(2.5107421875, 2.1416015625, 1.10498046875)"
baseline,4,10000,50000,heterogeneous_random,prequeued,0.389147,0.00224885,25697.2,7533239128038286897,true,20261018,500,11523462988902872069,126|115|117|142,181700000|176750000|177650000|188900000,9,50,10,"(2.79052734375, 2.2060546875, 1.13134765625)"
stealing,4,10000,50000,heterogeneous_random,prequeued,1.51872,0.00299018,6584.48,889317260996102843,true,20261018,500,13370473617239509765,126|115|117|142,748700000|694250000|704150000|827900000,9,50,100,"(2.64697265625, 2.185546875, 1.13037109375)"
baseline,4,10000,50000,heterogeneous_random,prequeued,1.60546,0.00202002,6228.76,889317260996102843,true,20261018,500,13370473617239509765,126|115|117|142,748700000|694250000|704150000|827900000,9,50,100,"(2.83544921875, 2.232421875, 1.1513671875)"
stealing,4,10000,9091,uniform_cost,prequeued,0.243707,0.00209965,41032.9,5915374510554503338,true,20261018,10000,12394014075418702851,2500|2500|2500|2500,124972347|125017838|124084041|126201858,9,0,10,"(2.83544921875, 2.232421875, 1.1513671875)"
baseline,4,10000,9091,uniform_cost,prequeued,0.262952,0.00213899,38029.7,5915374510554503338,true,20261018,10000,12394014075418702851,2500|2500|2500|2500,124972347|125017838|124084041|126201858,9,0,10,"(2.83544921875, 2.232421875, 1.1513671875)"
stealing,4,10000,990,uniform_cost,prequeued,0.24825,0.00238092,40281.9,7315795264665216876,true,20261018,10000,11155993907339403291,2500|2500|2500|2500,125540438|124188274|126561775|126728773,9,0,100,"(2.68798828125, 2.2119140625, 1.150390625)"
baseline,4,10000,990,uniform_cost,prequeued,0.249346,0.00225027,40104.9,7315795264665216876,true,20261018,10000,11155993907339403291,2500|2500|2500|2500,125540438|124188274|126561775|126728773,9,0,100,"(2.68798828125, 2.2119140625, 1.150390625)"
stealing,4,10000,50000,heterogeneous_random,prequeued,0.257775,0.00220026,38793.5,16823246284891138560,true,20261018,10,13332915162624586021,3|0|1|6,126350000|125000000|125450000|127700000,9,1,10,"(2.68798828125, 2.2119140625, 1.150390625)"
baseline,4,10000,50000,heterogeneous_random,prequeued,0.259492,0.0020816,38536.8,16823246284891138560,true,20261018,10,13332915162624586021,3|0|1|6,126350000|125000000|125450000|127700000,9,1,10,"(2.68798828125, 2.2119140625, 1.150390625)"
