mode,threads,tasks,iterations,distribution,seconds,tasks_per_second,checksum,repeat
baseline,1,2000,2000,balanced,0.00892569,224072,11828774314161831260,0
baseline,1,2000,2000,balanced,0.00858935,232846,11828774314161831260,1
baseline,1,2000,2000,balanced,0.0087275,229161,11828774314161831260,2
stealing,1,2000,2000,balanced,0.00862373,231918,11828774314161831260,0
stealing,1,2000,2000,balanced,0.00860425,232443,11828774314161831260,1
stealing,1,2000,2000,balanced,0.00858366,233001,11828774314161831260,2
baseline,2,2000,2000,balanced,0.00467362,427934,11828774314161831260,0
baseline,2,2000,2000,balanced,0.00478154,418275,11828774314161831260,1
baseline,2,2000,2000,balanced,0.00547754,365127,11828774314161831260,2
stealing,2,2000,2000,balanced,0.00464336,430722,11828774314161831260,0
stealing,2,2000,2000,balanced,0.00446999,447428,11828774314161831260,1
stealing,2,2000,2000,balanced,0.00449027,445408,11828774314161831260,2
baseline,4,2000,2000,balanced,0.010285,194457,11828774314161831260,0
baseline,4,2000,2000,balanced,0.00781879,255794,11828774314161831260,1
baseline,4,2000,2000,balanced,0.0132002,151513,11828774314161831260,2
stealing,4,2000,2000,balanced,0.00367509,544204,11828774314161831260,0
stealing,4,2000,2000,balanced,0.00295123,677683,11828774314161831260,1
stealing,4,2000,2000,balanced,0.00305229,655245,11828774314161831260,2
baseline,8,2000,2000,balanced,0.0134354,148860,11828774314161831260,0
baseline,8,2000,2000,balanced,0.0084983,235341,11828774314161831260,1
baseline,8,2000,2000,balanced,0.0119845,166882,11828774314161831260,2
stealing,8,2000,2000,balanced,0.00386291,517745,11828774314161831260,0
stealing,8,2000,2000,balanced,0.0035645,561088,11828774314161831260,1
stealing,8,2000,2000,balanced,0.00415714,481100,11828774314161831260,2
baseline,1,2000,2000,skewed,0.00874421,228723,11828774314161831260,0
baseline,1,2000,2000,skewed,0.00903389,221389,11828774314161831260,1
baseline,1,2000,2000,skewed,0.00893871,223746,11828774314161831260,2
stealing,1,2000,2000,skewed,0.00844324,236876,11828774314161831260,0
stealing,1,2000,2000,skewed,0.00836194,239179,11828774314161831260,1
stealing,1,2000,2000,skewed,0.00871035,229612,11828774314161831260,2
baseline,2,2000,2000,skewed,0.0118398,168922,11828774314161831260,0
baseline,2,2000,2000,skewed,0.011853,168734,11828774314161831260,1
baseline,2,2000,2000,skewed,0.0119572,167264,11828774314161831260,2
stealing,2,2000,2000,skewed,0.00549736,363811,11828774314161831260,0
stealing,2,2000,2000,skewed,0.00572121,349576,11828774314161831260,1
stealing,2,2000,2000,skewed,0.00526648,379760,11828774314161831260,2
baseline,4,2000,2000,skewed,0.056671,35291.4,11828774314161831260,0
baseline,4,2000,2000,skewed,0.0540858,36978.3,11828774314161831260,1
baseline,4,2000,2000,skewed,0.0460089,43469.9,11828774314161831260,2
stealing,4,2000,2000,skewed,0.00494822,404186,11828774314161831260,0
stealing,4,2000,2000,skewed,0.00343393,582423,11828774314161831260,1
stealing,4,2000,2000,skewed,0.00415956,480820,11828774314161831260,2
baseline,8,2000,2000,skewed,0.0781592,25588.8,11828774314161831260,0
baseline,8,2000,2000,skewed,0.0821595,24342.9,11828774314161831260,1
baseline,8,2000,2000,skewed,0.051368,38934.7,11828774314161831260,2
stealing,8,2000,2000,skewed,0.00420527,475594,11828774314161831260,0
stealing,8,2000,2000,skewed,0.00692806,288681,11828774314161831260,1
stealing,8,2000,2000,skewed,0.00303767,658399,11828774314161831260,2
