distribution,mode,threads,mean_tasks_per_second,stdev
balanced,baseline,1,228693.0,4405.682353506662
balanced,baseline,2,403778.6666666667,33819.92862696983
balanced,baseline,4,200588.0,52410.14797727631
balanced,baseline,8,183694.33333333334,45625.99866669587
balanced,stealing,1,232454.0,541.5837885313776
balanced,stealing,2,441186.0,9118.200041674892
balanced,stealing,4,625710.6666666666,71472.85144957723
balanced,stealing,8,519977.6666666667,40040.71223559008
skewed,baseline,1,224619.33333333334,3744.1851360921423
skewed,baseline,2,168306.66666666666,907.8553482429529
skewed,baseline,4,38579.86666666667,4318.069870131021
skewed,baseline,8,29622.13333333333,8088.942461368686
skewed,stealing,1,235222.33333333334,4993.278715767159
skewed,stealing,2,364382.3333333333,15100.10861991838
skewed,stealing,4,489143.0,89409.51453285047
skewed,stealing,8,474224.6666666667,184862.80368514737
