allocator,pattern,repeat,batch,batches,allocations,alloc_batch_p50_ns_per_op,alloc_batch_p95_ns_per_op,alloc_batch_p99_ns_per_op,reclaim_batch_p50_ns_per_op,reclaim_region_p50_ns,reclaim_operations,reclaim_interpretation,payload_bytes,internal_waste_bytes,bookkeeping_reserved_bytes,checksum
pool,aligned,0,256,47638,12195328,4.69531,5.20703,5.94922,1.72266,441,256,batch_mean,16352,16416,576,1554904320
stack,aligned,0,256,57240,14653440,4.30469,4.61719,6.18359,1.05469,270,256,batch_mean,16352,0,65600,1868313600
arena,aligned,0,256,70532,18056192,4.14844,4.46484,6.06641,,30,1,unresolved_single_reset,16352,0,64,2302164480
malloc,aligned,0,256,22900,5862400,6.65234,11.582,11.9766,7.08594,1814,256,batch_mean,16352,,,747456000
pool,odd,0,256,48679,12461824,4.69531,5.24609,6.49609,1.72266,441,256,batch_mean,10866,21902,576,1588882560
stack,odd,0,256,57188,14640128,4.30469,4.62109,6.22266,1.05469,270,256,batch_mean,10866,3009,65600,1866616320
arena,odd,0,256,70227,17978112,4.1875,4.5,6.02734,,30,1,unresolved_single_reset,10866,3009,64,2292209280
malloc,odd,0,256,23045,5899520,6.49609,11.0352,11.7383,7.12109,1823,256,batch_mean,10866,,,752188800
stack,aligned,1,256,57094,14616064,4.30469,4.61719,6.18359,1.05469,270,256,batch_mean,16352,0,65600,1863548160
arena,aligned,1,256,69481,17787136,4.26562,4.77344,5.40234,,30,1,unresolved_single_reset,16352,0,64,2267859840
malloc,aligned,1,256,20241,5181696,6.73438,11.1172,12.7969,7.27734,1863,256,batch_mean,16352,,,660666240
pool,aligned,1,256,48811,12495616,4.69531,5.24219,5.94531,1.72266,441,256,batch_mean,16352,16416,576,1593191040
stack,odd,1,256,57232,14651392,4.30469,4.66016,5.44141,1.05469,270,256,batch_mean,10866,3009,65600,1868052480
arena,odd,1,256,70536,18057216,4.1875,4.46484,5.32031,,30,1,unresolved_single_reset,10866,3009,64,2302295040
malloc,odd,1,256,22439,5744384,6.49609,10.5273,11.8555,7.08594,1814,256,batch_mean,10866,,,732408960
pool,odd,1,256,48558,12430848,4.69531,5.28125,5.94922,1.72266,441,256,batch_mean,10866,21902,576,1584933120
arena,aligned,2,256,70865,18141440,4.14844,4.57812,5.35938,,30,1,unresolved_single_reset,16352,0,64,2313033600
malloc,aligned,2,256,20846,5336576,6.69141,11.1562,12.4062,7.12109,1823,256,batch_mean,16352,,,680413440
pool,aligned,2,256,48544,12427264,4.69531,5.24219,5.91016,1.72266,441,256,batch_mean,16352,16416,576,1584476160
stack,aligned,2,256,56426,14445056,4.30469,4.81641,5.44141,1.05469,270,256,batch_mean,16352,0,65600,1841744640
arena,odd,2,256,70842,18135552,4.14844,4.57812,5.32031,,30,1,unresolved_single_reset,10866,3009,64,2312282880
malloc,odd,2,256,22957,5876992,6.49609,10.6445,12.1328,7.08203,1813,256,batch_mean,10866,,,749316480
pool,odd,2,256,48315,12368640,4.69531,5.20703,5.91016,1.72266,441,256,batch_mean,10866,21902,576,1577001600
stack,odd,2,256,56358,14427648,4.30469,4.61719,5.47656,1.05859,271,256,batch_mean,10866,3009,65600,1839525120
malloc,aligned,3,256,23896,6117376,6.65234,10.4492,12.0508,7.04297,1803,256,batch_mean,16352,,,779965440
pool,aligned,3,256,49855,12762880,4.66016,5.32422,5.94922,1.72266,441,256,batch_mean,16352,16416,576,1627267200
stack,aligned,3,256,58300,14924800,4.26562,4.97266,5.47656,1.01953,261,256,batch_mean,16352,0,65600,1902912000
arena,aligned,3,256,73607,18843392,4.10938,4.38672,5.28516,,30,1,unresolved_single_reset,16352,0,64,2402532480
malloc,odd,3,256,25868,6622208,6.41797,9,10.6836,7.04297,1803,256,batch_mean,10866,,,844331520
pool,odd,3,256,50392,12900352,4.66016,4.85547,5.87109,1.72266,441,256,batch_mean,10866,21902,576,1644794880
stack,odd,3,256,59989,15357184,4.26562,4.42188,5.36719,1.01953,261,256,batch_mean,10866,3009,65600,1958040960
arena,odd,3,256,70696,18098176,4.1875,4.5,6.06641,,30,1,unresolved_single_reset,10866,3009,64,2307517440
pool,aligned,4,256,48036,12297216,4.69531,5.28125,6.53516,1.72266,441,256,batch_mean,16352,16416,576,1567895040
stack,aligned,4,256,57122,14623232,4.26562,4.85156,5.44141,1.05469,270,256,batch_mean,16352,0,65600,1864462080
arena,aligned,4,256,74324,19026944,4.10938,4.34375,5.24219,,30,1,unresolved_single_reset,16352,0,64,2425935360
malloc,aligned,4,256,25524,6534144,6.65234,9.46875,11.2344,7.04297,1803,256,batch_mean,16352,,,833103360
pool,odd,4,256,49107,12571392,4.66016,5.20312,5.91016,1.72266,441,256,batch_mean,10866,21902,576,1602852480
stack,odd,4,256,57861,14812416,4.30469,4.61719,6.18359,1.05469,270,256,batch_mean,10866,3009,65600,1888583040
arena,odd,4,256,71460,18293760,4.14844,4.46484,6.06641,,30,1,unresolved_single_reset,10866,3009,64,2332454400
malloc,odd,4,256,23580,6036480,6.45703,10.6836,11.5859,7.08594,1814,256,batch_mean,10866,,,769651200
stack,aligned,5,256,56763,14531328,4.30469,4.65625,6.22266,1.05469,270,256,batch_mean,16352,0,65600,1852744320
arena,aligned,5,256,71587,18326272,4.10938,4.46484,5.44141,,30,1,unresolved_single_reset,16352,0,64,2336599680
malloc,aligned,5,256,22682,5806592,6.65234,10.8789,12.0156,7.04688,1804,256,batch_mean,16352,,,740340480
pool,aligned,5,256,47872,12255232,4.69531,5.32031,6.41797,1.72266,441,256,batch_mean,16352,16416,576,1562542080
stack,odd,5,256,57116,14621696,4.30469,4.69531,5.4375,1.05469,270,256,batch_mean,10866,3009,65600,1864266240
arena,odd,5,256,70326,18003456,4.1875,4.46484,5.28125,,30,1,unresolved_single_reset,10866,3009,64,2295440640
malloc,odd,5,256,22716,5815296,6.57422,10.6445,11.9727,7.08203,1813,256,batch_mean,10866,,,741450240
pool,odd,5,256,48497,12415232,4.69531,5.05078,5.87109,1.72266,441,256,batch_mean,10866,21902,576,1582942080
arena,aligned,6,256,73027,18694912,4.10938,4.42188,5.32031,,30,1,unresolved_single_reset,16352,0,64,2383601280
malloc,aligned,6,256,24255,6209280,6.65234,10.2539,11.543,7.08203,1813,256,batch_mean,16352,,,791683200
pool,aligned,6,256,51236,13116416,4.66016,4.73828,5.82812,1.72266,441,256,batch_mean,16352,16416,576,1672343040
stack,aligned,6,256,61033,15624448,4.26562,4.30859,5.35938,1.01953,261,256,batch_mean,16352,0,65600,1992117120
arena,odd,6,256,74429,19053824,4.14844,4.26562,5.20703,,30,1,unresolved_single_reset,10866,3009,64,2429362560
malloc,odd,6,256,22468,5751808,6.57812,10.6445,11.8984,7.08594,1814,256,batch_mean,10866,,,733355520
pool,odd,6,256,47920,12267520,4.69531,5.28516,5.98828,1.72266,441,256,batch_mean,10866,21902,576,1564108800
stack,odd,6,256,57010,14594560,4.30469,4.61719,6.26172,1.05469,270,256,batch_mean,10866,3009,65600,1860806400
malloc,aligned,7,256,23354,5978624,6.69141,10.1328,11.8945,7.04688,1804,256,batch_mean,16352,,,762274560
pool,aligned,7,256,50788,13001728,4.65625,4.81641,5.87109,1.72266,441,256,batch_mean,16352,16416,576,1657720320
stack,aligned,7,256,61058,15630848,4.26562,4.34375,5.35938,1.01953,261,256,batch_mean,16352,0,65600,1992933120
arena,aligned,7,256,73710,18869760,4.10938,4.38672,5.20703,,30,1,unresolved_single_reset,16352,0,64,2405894400
malloc,odd,7,256,23514,6019584,6.49609,9.78125,11.3086,7.08203,1813,256,batch_mean,10866,,,767496960
pool,odd,7,256,48908,12520448,4.69531,5.125,6.53516,1.72266,441,256,batch_mean,10866,21902,576,1596357120
stack,odd,7,256,58175,14892800,4.30469,4.57812,6.22266,1.01953,261,256,batch_mean,10866,3009,65600,1898832000
arena,odd,7,256,71759,18370304,4.14844,4.46094,6.06641,,30,1,unresolved_single_reset,10866,3009,64,2342213760
pool,aligned,8,256,49197,12594432,4.66016,5.04688,6.49609,1.72266,441,256,batch_mean,16352,16416,576,1605790080
stack,aligned,8,256,57874,14815744,4.30469,4.57812,6.22266,1.05469,270,256,batch_mean,16352,0,65600,1889007360
arena,aligned,8,256,73731,18875136,4.10938,4.34766,5.16797,,30,1,unresolved_single_reset,16352,0,64,2406579840
malloc,aligned,8,256,22924,5868544,6.65234,10.8008,12.3281,7.04297,1803,256,batch_mean,16352,,,748239360
pool,odd,8,256,47583,12181248,4.69531,5.28516,5.91016,1.72266,441,256,batch_mean,10866,21902,576,1553109120
stack,odd,8,256,55875,14304000,4.30469,4.69922,5.44141,1.05859,271,256,batch_mean,10866,3009,65600,1823760000
arena,odd,8,256,71378,18272768,4.14844,4.5,5.32031,,30,1,unresolved_single_reset,10866,3009,64,2329777920
malloc,odd,8,256,20963,5366528,7.71094,11.5039,13.0703,7.08203,1813,256,batch_mean,10866,,,684232320
stack,aligned,9,256,56745,14526720,4.30469,4.8125,5.47656,1.05469,270,256,batch_mean,16352,0,65600,1852156800
arena,aligned,9,256,69735,17852160,4.10938,4.38672,5.35938,,30,1,unresolved_single_reset,16352,0,64,2276150400
malloc,aligned,9,256,23524,6022144,6.69141,10.0977,11.8164,7.08203,1813,256,batch_mean,16352,,,767823360
pool,aligned,9,256,48901,12518656,4.69531,5.12891,6.5,1.72266,441,256,batch_mean,16352,16416,576,1596128640
stack,odd,9,256,57615,14749440,4.30469,4.57812,6.22266,1.05469,270,256,batch_mean,10866,3009,65600,1880553600
arena,odd,9,256,71833,18389248,4.14844,4.46094,6.06641,,30,1,unresolved_single_reset,10866,3009,64,2344629120
malloc,odd,9,256,25052,6413312,6.45703,9.66797,10.918,7.04688,1804,256,batch_mean,10866,,,817697280
pool,odd,9,256,50801,13005056,4.65625,4.77344,5.83203,1.72266,441,256,batch_mean,10866,21902,576,1658144640
