allocator,pattern,repeat,samples,window,windows,instrumented_p50_ns,instrumented_p99_ns,instrumented_p999_ns,instrumented_max_ns,window_max_p99_ns,checksum
pool,aligned,0,102400,256,400,30,41,50,35658,551,13056000
stack,aligned,0,102400,256,400,30,41,50,13015,541,13056000
arena,aligned,0,102400,256,400,30,41,50,10991,541,13056000
malloc,aligned,0,102400,256,400,40,80,110,18514,581,13056000
clock_write_control,aligned,0,102400,256,400,30,41,110,10780,601,13056000
pool,odd,0,102400,256,400,30,50,110,14337,10029,13056000
stack,odd,0,102400,256,400,40,50,110,10570,551,13056000
arena,odd,0,102400,256,400,30,50,120,11401,651,13056000
malloc,odd,0,102400,256,400,40,90,140,17883,10350,13056000
clock_write_control,odd,0,102400,256,400,30,41,60,8305,541,13056000
stack,aligned,1,102400,256,400,30,41,50,6171,80,13056000
arena,aligned,1,102400,256,400,30,41,50,6953,80,13056000
malloc,aligned,1,102400,256,400,40,60,71,6914,5770,13056000
clock_write_control,aligned,1,102400,256,400,30,41,41,6432,51,13056000
pool,aligned,1,102400,256,400,30,41,50,6162,70,13056000
stack,odd,1,102400,256,400,30,41,50,8015,6271,13056000
arena,odd,1,102400,256,400,30,41,50,7003,81,13056000
malloc,odd,1,102400,256,400,40,60,70,6011,120,13056000
clock_write_control,odd,1,102400,256,400,30,41,41,6763,5390,13056000
pool,odd,1,102400,256,400,30,41,50,5721,90,13056000
arena,aligned,2,102400,256,400,30,41,50,7825,110,13056000
malloc,aligned,2,102400,256,400,40,60,70,5601,131,13056000
clock_write_control,aligned,2,102400,256,400,30,41,50,10951,80,13056000
pool,aligned,2,102400,256,400,30,41,50,13546,80,13056000
stack,aligned,2,102400,256,400,30,41,50,10200,90,13056000
arena,odd,2,102400,256,400,30,41,50,5400,311,13056000
malloc,odd,2,102400,256,400,40,60,70,8095,110,13056000
clock_write_control,odd,2,102400,256,400,30,41,50,6522,81,13056000
pool,odd,2,102400,256,400,30,41,50,6042,80,13056000
stack,odd,2,102400,256,400,30,41,51,6713,80,13056000
malloc,aligned,3,102400,256,400,40,60,70,6953,111,13056000
clock_write_control,aligned,3,102400,256,400,30,41,50,40245,6652,13056000
pool,aligned,3,102400,256,400,30,41,41,6412,80,13056000
stack,aligned,3,102400,256,400,30,41,50,6993,711,13056000
arena,aligned,3,102400,256,400,30,41,50,12394,100,13056000
malloc,odd,3,102400,256,400,40,60,70,6833,181,13056000
clock_write_control,odd,3,102400,256,400,30,41,41,7143,5069,13056000
pool,odd,3,102400,256,400,30,41,50,7053,70,13056000
stack,odd,3,102400,256,400,30,41,50,25659,91,13056000
arena,odd,3,102400,256,400,30,41,50,40025,80,13056000
clock_write_control,aligned,4,102400,256,400,30,41,41,6863,80,13056000
pool,aligned,4,102400,256,400,30,41,50,5301,70,13056000
stack,aligned,4,102400,256,400,30,41,50,8025,120,13056000
arena,aligned,4,102400,256,400,30,41,50,7233,541,13056000
malloc,aligned,4,102400,256,400,40,70,81,6733,551,13056000
clock_write_control,odd,4,102400,256,400,30,41,50,6312,110,13056000
pool,odd,4,102400,256,400,30,41,50,6281,91,13056000
stack,odd,4,102400,256,400,30,41,50,7214,70,13056000
arena,odd,4,102400,256,400,30,41,50,6402,80,13056000
malloc,odd,4,102400,256,400,40,60,70,6832,541,13056000
pool,aligned,5,102400,256,400,30,41,50,6753,5340,13056000
stack,aligned,5,102400,256,400,30,41,50,6754,80,13056000
arena,aligned,5,102400,256,400,30,41,50,5901,51,13056000
malloc,aligned,5,102400,256,400,40,60,70,6091,5279,13056000
clock_write_control,aligned,5,102400,256,400,30,41,50,6382,111,13056000
pool,odd,5,102400,256,400,30,41,50,8255,4860,13056000
stack,odd,5,102400,256,400,30,41,50,6532,110,13056000
arena,odd,5,102400,256,400,30,41,50,7143,120,13056000
malloc,odd,5,102400,256,400,31,60,70,6452,110,13056000
clock_write_control,odd,5,102400,256,400,30,41,50,6272,5070,13056000
stack,aligned,6,102400,256,400,30,41,50,10289,90,13056000
arena,aligned,6,102400,256,400,30,41,50,13397,551,13056000
malloc,aligned,6,102400,256,400,40,61,90,7714,6524,13056000
clock_write_control,aligned,6,102400,256,400,30,41,120,13235,8667,13056000
pool,aligned,6,102400,256,400,30,41,50,12393,681,13056000
stack,odd,6,102400,256,400,30,41,51,8136,541,13056000
arena,odd,6,102400,256,400,30,41,50,10620,631,13056000
malloc,odd,6,102400,256,400,40,61,90,8346,662,13056000
clock_write_control,odd,6,102400,256,400,30,41,50,6873,541,13056000
pool,odd,6,102400,256,400,30,41,50,45054,6101,13056000
arena,aligned,7,102400,256,400,30,41,50,8205,661,13056000
malloc,aligned,7,102400,256,400,40,70,91,7324,541,13056000
clock_write_control,aligned,7,102400,256,400,30,41,50,13476,761,13056000
pool,aligned,7,102400,256,400,30,41,50,9968,6182,13056000
stack,aligned,7,102400,256,400,30,41,50,601,551,13056000
arena,odd,7,102400,256,400,30,41,50,8906,8015,13056000
malloc,odd,7,102400,256,400,40,61,91,21481,6953,13056000
clock_write_control,odd,7,102400,256,400,30,41,50,9006,6462,13056000
pool,odd,7,102400,256,400,30,41,50,8045,6522,13056000
stack,odd,7,102400,256,400,30,41,60,13405,651,13056000
malloc,aligned,8,102400,256,400,40,81,171,26181,11913,13056000
clock_write_control,aligned,8,102400,256,400,30,41,161,53390,11181,13056000
pool,aligned,8,102400,256,400,30,50,161,20960,1263,13056000
stack,aligned,8,102400,256,400,40,41,51,12955,531,13056000
arena,aligned,8,102400,256,400,40,50,161,11321,561,13056000
malloc,odd,8,102400,256,400,40,90,181,25037,12704,13056000
clock_write_control,odd,8,102400,256,400,30,50,160,20749,11982,13056000
pool,odd,8,102400,256,400,30,41,160,14137,641,13056000
stack,odd,8,102400,256,400,30,50,160,11552,551,13056000
arena,odd,8,102400,256,400,30,41,160,17503,742,13056000
clock_write_control,aligned,9,102400,256,400,30,50,161,13625,671,13056000
pool,aligned,9,102400,256,400,30,41,151,8357,551,13056000
stack,aligned,9,102400,256,400,30,50,161,12173,541,13056000
arena,aligned,9,102400,256,400,30,41,50,8095,551,13056000
malloc,aligned,9,102400,256,400,40,70,101,21921,8215,13056000
clock_write_control,odd,9,102400,256,400,30,41,151,14097,722,13056000
pool,odd,9,102400,256,400,30,41,160,8957,541,13056000
stack,odd,9,102400,256,400,30,50,161,11161,7685,13056000
arena,odd,9,102400,256,400,30,50,170,15580,8716,13056000
malloc,odd,9,102400,256,400,40,81,180,11011,571,13056000
