distribution,phase,threads,pairs,baseline_median,stealing_median,median_paired_ratio,min_ratio,max_ratio,pairs_slower
heterogeneous,prequeued,1,10,5995.305,5988.245,0.9997990859019938,0.9933313537517771,1.0051551038533066,5
heterogeneous,prequeued,2,10,8316.145,11911.1,1.4301332240299467,1.403118173743969,1.4478704678884706,0
heterogeneous,prequeued,4,10,10125.75,22496.4,2.224283565518244,2.091433764174747,2.2586539225816713,0
heterogeneous,prequeued,8,10,10431.45,22800.8,2.1662089842405443,1.9319472847080208,2.2400766680683364,0
heterogeneous,end_to_end,1,10,5994.719999999999,5998.48,1.0020870474614858,0.9923726192495336,1.0080444056573157,4
heterogeneous,end_to_end,2,10,8301.314999999999,11896.85,1.431493279730807,1.4031748402882103,1.4496848142397787,0
heterogeneous,end_to_end,4,10,10286.6,22331.1,2.1864216048964016,2.047531708831892,2.3078959152196625,0
heterogeneous,end_to_end,8,10,11141.05,22578.65,2.020405457225878,1.7759313810431467,2.282400198363501,0
heterogeneous_random,prequeued,1,10,6009.18,5999.295,0.9980771402377906,0.9882007171073026,1.0192465157754298,7
heterogeneous_random,prequeued,2,10,11484.150000000001,11902.7,1.040917822272995,1.0080288465588851,1.1527319716870144,0
heterogeneous_random,prequeued,4,10,20132.4,22796.4,1.135839483703358,0.9969088952060277,1.1992413760449494,1
heterogeneous_random,prequeued,8,10,21376.15,22717.199999999997,1.0495338846684468,0.8475468088014213,1.177754938205321,1
heterogeneous_random,end_to_end,1,10,5989.860000000001,6007.535,1.0026649989479077,0.992943801886871,1.0083849646829843,1
heterogeneous_random,end_to_end,2,10,11419.55,11926.5,1.042952100613268,1.00795043269679,1.1275667423692715,0
heterogeneous_random,end_to_end,4,10,19980.5,22891.85,1.1360397859793745,0.9859123087140214,1.2400418368799764,1
heterogeneous_random,end_to_end,8,10,21645.75,21943.9,1.0388355962184466,0.9287124058066147,1.1251876555399944,2
