mode,threads,tasks,iterations,distribution,phase,seconds,submit_seconds,tasks_per_second,checksum,exactly_once,seed,heavy_tasks,shape_hash,queue_heavy_counts,queue_iteration_totals,repeat
baseline,1,10000,50000,heterogeneous,prequeued,1.66509,0.00300939,6005.68,4725625947294151521,true,0,79,14799495970884258340,79,891050000,0
baseline,1,10000,50000,heterogeneous,end_to_end,1.66283,0.00212248,6013.86,4725625947294151521,true,0,79,14799495970884258340,79,891050000,0
baseline,2,10000,50000,heterogeneous,prequeued,1.19902,0.00232713,8340.18,4725625947294151521,true,0,79,14799495970884258340,79|0,641050000|250000000,0
baseline,2,10000,50000,heterogeneous,end_to_end,1.20846,0.00288788,8275.02,4725625947294151521,true,0,79,14799495970884258340,79|0,641050000|250000000,0
baseline,4,10000,50000,heterogeneous,prequeued,0.980932,0.00208155,10194.4,4725625947294151521,true,0,79,14799495970884258340,79|0|0|0,516050000|125000000|125000000|125000000,0
baseline,4,10000,50000,heterogeneous,end_to_end,0.974812,0.00253492,10258.4,4725625947294151521,true,0,79,14799495970884258340,79|0|0|0,516050000|125000000|125000000|125000000,0
baseline,8,10000,50000,heterogeneous,prequeued,0.94405,0.00208429,10592.7,4725625947294151521,true,0,79,14799495970884258340,79|0|0|0|0|0|0|0,453550000|62500000|62500000|62500000|62500000|62500000|62500000|62500000,0
baseline,8,10000,50000,heterogeneous,end_to_end,0.866403,0.0112921,11542,4725625947294151521,true,0,79,14799495970884258340,79|0|0|0|0|0|0|0,453550000|62500000|62500000|62500000|62500000|62500000|62500000|62500000,0
stealing,1,10000,50000,heterogeneous,prequeued,1.66328,0.002235,6012.23,4725625947294151521,true,0,79,14799495970884258340,79,891050000,0
stealing,1,10000,50000,heterogeneous,end_to_end,1.67561,0.00297394,5967.99,4725625947294151521,true,0,79,14799495970884258340,79,891050000,0
stealing,2,10000,50000,heterogeneous,prequeued,0.847103,0.00235739,11804.9,4725625947294151521,true,0,79,14799495970884258340,79|0,641050000|250000000,0
stealing,2,10000,50000,heterogeneous,end_to_end,0.854622,0.00230821,11701.1,4725625947294151521,true,0,79,14799495970884258340,79|0,641050000|250000000,0
stealing,4,10000,50000,heterogeneous,prequeued,0.435691,0.00301792,22952.1,4725625947294151521,true,0,79,14799495970884258340,79|0|0|0,516050000|125000000|125000000|125000000,0
stealing,4,10000,50000,heterogeneous,end_to_end,0.457955,0.00583717,21836.2,4725625947294151521,true,0,79,14799495970884258340,79|0|0|0,516050000|125000000|125000000|125000000,0
stealing,8,10000,50000,heterogeneous,prequeued,0.435936,0.0021667,22939.2,4725625947294151521,true,0,79,14799495970884258340,79|0|0|0|0|0|0|0,453550000|62500000|62500000|62500000|62500000|62500000|62500000|62500000,0
stealing,8,10000,50000,heterogeneous,end_to_end,0.487857,0.0149867,20497.8,4725625947294151521,true,0,79,14799495970884258340,79|0|0|0|0|0|0|0,453550000|62500000|62500000|62500000|62500000|62500000|62500000|62500000,0
baseline,1,10000,50000,heterogeneous_random,prequeued,1.69528,0.00222806,5898.73,7658417167194378679,true,20261009,79,14869207296080779830,79,891050000,0
baseline,1,10000,50000,heterogeneous_random,end_to_end,1.66848,0.00321414,5993.5,7658417167194378679,true,20261009,79,14869207296080779830,79,891050000,0
baseline,2,10000,50000,heterogeneous_random,prequeued,0.94501,0.00223154,10581.9,7658417167194378679,true,20261009,79,14869207296080779830,28|51,388600000|502450000,0
baseline,2,10000,50000,heterogeneous_random,end_to_end,0.94236,0.00298704,10611.7,7658417167194378679,true,20261009,79,14869207296080779830,28|51,388600000|502450000,0
baseline,4,10000,50000,heterogeneous_random,prequeued,0.519357,0.00206558,19254.6,7658417167194378679,true,20261009,79,14869207296080779830,12|29|16|22,184400000|268550000|204200000|233900000,0
baseline,4,10000,50000,heterogeneous_random,end_to_end,0.529013,0.00602915,18903.1,7658417167194378679,true,20261009,79,14869207296080779830,12|29|16|22,184400000|268550000|204200000|233900000,0
baseline,8,10000,50000,heterogeneous_random,prequeued,0.462907,0.00208944,21602.6,7658417167194378679,true,20261009,79,14869207296080779830,4|14|7|12|8|15|9|10,82300000|131800000|97150000|121900000|102100000|136750000|107050000|112000000,0
baseline,8,10000,50000,heterogeneous_random,end_to_end,0.462564,0.0151184,21618.6,7658417167194378679,true,20261009,79,14869207296080779830,4|14|7|12|8|15|9|10,82300000|131800000|97150000|121900000|102100000|136750000|107050000|112000000,0
stealing,1,10000,50000,heterogeneous_random,prequeued,1.66327,0.00210241,6012.26,7658417167194378679,true,20261009,79,14869207296080779830,79,891050000,0
stealing,1,10000,50000,heterogeneous_random,end_to_end,1.66426,0.00225919,6008.68,7658417167194378679,true,20261009,79,14869207296080779830,79,891050000,0
stealing,2,10000,50000,heterogeneous_random,prequeued,0.856127,0.00225375,11680.5,7658417167194378679,true,20261009,79,14869207296080779830,28|51,388600000|502450000,0
stealing,2,10000,50000,heterogeneous_random,end_to_end,0.835746,0.00309508,11965.4,7658417167194378679,true,20261009,79,14869207296080779830,28|51,388600000|502450000,0
stealing,4,10000,50000,heterogeneous_random,prequeued,0.441945,0.00223982,22627.2,7658417167194378679,true,20261009,79,14869207296080779830,12|29|16|22,184400000|268550000|204200000|233900000,0
stealing,4,10000,50000,heterogeneous_random,end_to_end,0.432185,0.00243137,23138.2,7658417167194378679,true,20261009,79,14869207296080779830,12|29|16|22,184400000|268550000|204200000|233900000,0
stealing,8,10000,50000,heterogeneous_random,prequeued,0.451841,0.00249078,22131.7,7658417167194378679,true,20261009,79,14869207296080779830,4|14|7|12|8|15|9|10,82300000|131800000|97150000|121900000|102100000|136750000|107050000|112000000,0
stealing,8,10000,50000,heterogeneous_random,end_to_end,0.446071,0.0212159,22418,7658417167194378679,true,20261009,79,14869207296080779830,4|14|7|12|8|15|9|10,82300000|131800000|97150000|121900000|102100000|136750000|107050000|112000000,0
baseline,1,10000,50000,heterogeneous,prequeued,1.66079,0.0023216,6021.22,4725625947294151521,true,0,79,14799495970884258340,79,891050000,1
stealing,8,10000,50000,heterogeneous_random,end_to_end,0.447723,0.0111169,22335.2,136250457116250078,true,20261010,79,10888597086030288490,8|15|7|11|6|10|7|15,102100000|136750000|97150000|116950000|92200000|112000000|97150000|136750000,1
stealing,8,10000,50000,heterogeneous_random,prequeued,0.440838,0.00224994,22684.1,136250457116250078,true,20261010,79,10888597086030288490,8|15|7|11|6|10|7|15,102100000|136750000|97150000|116950000|92200000|112000000|97150000|136750000,1
stealing,4,10000,50000,heterogeneous_random,end_to_end,0.444802,0.00515901,22481.9,136250457116250078,true,20261010,79,10888597086030288490,14|25|14|26,194300000|248750000|194300000|253700000,1
stealing,4,10000,50000,heterogeneous_random,prequeued,0.438687,0.00220221,22795.3,136250457116250078,true,20261010,79,10888597086030288490,14|25|14|26,194300000|248750000|194300000|253700000,1
stealing,2,10000,50000,heterogeneous_random,end_to_end,0.840329,0.00259263,11900.1,136250457116250078,true,20261010,79,10888597086030288490,28|51,388600000|502450000,1
stealing,2,10000,50000,heterogeneous_random,prequeued,0.836571,0.00215995,11953.6,136250457116250078,true,20261010,79,10888597086030288490,28|51,388600000|502450000,1
stealing,1,10000,50000,heterogeneous_random,end_to_end,1.66219,0.00228546,6016.14,136250457116250078,true,20261010,79,10888597086030288490,79,891050000,1
stealing,1,10000,50000,heterogeneous_random,prequeued,1.67496,0.00226661,5970.3,136250457116250078,true,20261010,79,10888597086030288490,79,891050000,1
baseline,8,10000,50000,heterogeneous_random,end_to_end,0.503772,0.0158053,19850.2,136250457116250078,true,20261010,79,10888597086030288490,8|15|7|11|6|10|7|15,102100000|136750000|97150000|116950000|92200000|112000000|97150000|136750000,1
baseline,8,10000,50000,heterogeneous_random,prequeued,0.481912,0.0022338,20750.7,136250457116250078,true,20261010,79,10888597086030288490,8|15|7|11|6|10|7|15,102100000|136750000|97150000|116950000|92200000|112000000|97150000|136750000,1
baseline,4,10000,50000,heterogeneous_random,end_to_end,0.506437,0.0026613,19745.8,136250457116250078,true,20261010,79,10888597086030288490,14|25|14|26,194300000|248750000|194300000|253700000,1
baseline,4,10000,50000,heterogeneous_random,prequeued,0.526091,0.00206746,19008.1,136250457116250078,true,20261010,79,10888597086030288490,14|25|14|26,194300000|248750000|194300000|253700000,1
baseline,2,10000,50000,heterogeneous_random,end_to_end,0.94732,0.00327847,10556.1,136250457116250078,true,20261010,79,10888597086030288490,28|51,388600000|502450000,1
baseline,2,10000,50000,heterogeneous_random,prequeued,0.964339,0.00212052,10369.8,136250457116250078,true,20261010,79,10888597086030288490,28|51,388600000|502450000,1
baseline,1,10000,50000,heterogeneous_random,end_to_end,1.67337,0.00221272,5975.95,136250457116250078,true,20261010,79,10888597086030288490,79,891050000,1
baseline,1,10000,50000,heterogeneous_random,prequeued,1.66347,0.00247936,6011.55,136250457116250078,true,20261010,79,10888597086030288490,79,891050000,1
stealing,8,10000,50000,heterogeneous,end_to_end,0.472252,0.0143035,21175.1,4725625947294151521,true,0,79,14799495970884258340,79|0|0|0|0|0|0|0,453550000|62500000|62500000|62500000|62500000|62500000|62500000|62500000,1
stealing,8,10000,50000,heterogeneous,prequeued,0.429149,0.00234505,23301.9,4725625947294151521,true,0,79,14799495970884258340,79|0|0|0|0|0|0|0,453550000|62500000|62500000|62500000|62500000|62500000|62500000|62500000,1
stealing,4,10000,50000,heterogeneous,end_to_end,0.439042,0.00640955,22776.9,4725625947294151521,true,0,79,14799495970884258340,79|0|0|0,516050000|125000000|125000000|125000000,1
stealing,4,10000,50000,heterogeneous,prequeued,0.442471,0.00210726,22600.4,4725625947294151521,true,0,79,14799495970884258340,79|0|0|0,516050000|125000000|125000000|125000000,1
stealing,2,10000,50000,heterogeneous,end_to_end,0.840995,0.00236454,11890.7,4725625947294151521,true,0,79,14799495970884258340,79|0,641050000|250000000,1
stealing,2,10000,50000,heterogeneous,prequeued,0.83713,0.00208241,11945.6,4725625947294151521,true,0,79,14799495970884258340,79|0,641050000|250000000,1
stealing,1,10000,50000,heterogeneous,end_to_end,1.66248,0.00311383,6015.1,4725625947294151521,true,0,79,14799495970884258340,79,891050000,1
stealing,1,10000,50000,heterogeneous,prequeued,1.66987,0.0020919,5988.48,4725625947294151521,true,0,79,14799495970884258340,79,891050000,1
baseline,8,10000,50000,heterogeneous,end_to_end,0.868509,0.0102096,11514,4725625947294151521,true,0,79,14799495970884258340,79|0|0|0|0|0|0|0,453550000|62500000|62500000|62500000|62500000|62500000|62500000|62500000,1
baseline,8,10000,50000,heterogeneous,prequeued,0.954966,0.00225242,10471.6,4725625947294151521,true,0,79,14799495970884258340,79|0|0|0|0|0|0|0,453550000|62500000|62500000|62500000|62500000|62500000|62500000|62500000,1
baseline,4,10000,50000,heterogeneous,end_to_end,0.9678,0.0054462,10332.7,4725625947294151521,true,0,79,14799495970884258340,79|0|0|0,516050000|125000000|125000000|125000000,1
baseline,4,10000,50000,heterogeneous,prequeued,0.984316,0.00229834,10159.3,4725625947294151521,true,0,79,14799495970884258340,79|0|0|0,516050000|125000000|125000000|125000000,1
baseline,2,10000,50000,heterogeneous,end_to_end,1.203,0.0023309,8312.57,4725625947294151521,true,0,79,14799495970884258340,79|0,641050000|250000000,1
baseline,2,10000,50000,heterogeneous,prequeued,1.20481,0.00226529,8300.08,4725625947294151521,true,0,79,14799495970884258340,79|0,641050000|250000000,1
baseline,1,10000,50000,heterogeneous,end_to_end,1.66621,0.00229137,6001.65,4725625947294151521,true,0,79,14799495970884258340,79,891050000,1
baseline,2,10000,50000,heterogeneous,prequeued,1.19385,0.00218657,8376.26,4725625947294151521,true,0,79,14799495970884258340,79|0,641050000|250000000,2
baseline,2,10000,50000,heterogeneous,end_to_end,1.20369,0.00226634,8307.77,4725625947294151521,true,0,79,14799495970884258340,79|0,641050000|250000000,2
baseline,4,10000,50000,heterogeneous,prequeued,0.966735,0.0020577,10344.1,4725625947294151521,true,0,79,14799495970884258340,79|0|0|0,516050000|125000000|125000000|125000000,2
baseline,4,10000,50000,heterogeneous,end_to_end,0.973847,0.00476784,10268.5,4725625947294151521,true,0,79,14799495970884258340,79|0|0|0,516050000|125000000|125000000|125000000,2
baseline,8,10000,50000,heterogeneous,prequeued,0.866644,0.00270309,11538.8,4725625947294151521,true,0,79,14799495970884258340,79|0|0|0|0|0|0|0,453550000|62500000|62500000|62500000|62500000|62500000|62500000|62500000,2
baseline,8,10000,50000,heterogeneous,end_to_end,0.991822,0.00558478,10082.5,4725625947294151521,true,0,79,14799495970884258340,79|0|0|0|0|0|0|0,453550000|62500000|62500000|62500000|62500000|62500000|62500000|62500000,2
stealing,1,10000,50000,heterogeneous,prequeued,1.67197,0.00208162,5980.97,4725625947294151521,true,0,79,14799495970884258340,79,891050000,2
stealing,1,10000,50000,heterogeneous,end_to_end,1.66174,0.00233097,6017.78,4725625947294151521,true,0,79,14799495970884258340,79,891050000,2
stealing,2,10000,50000,heterogeneous,prequeued,0.840107,0.0027643,11903.2,4725625947294151521,true,0,79,14799495970884258340,79|0,641050000|250000000,2
stealing,2,10000,50000,heterogeneous,end_to_end,0.840252,0.00221857,11901.2,4725625947294151521,true,0,79,14799495970884258340,79|0,641050000|250000000,2
stealing,4,10000,50000,heterogeneous,prequeued,0.462235,0.00285337,21634,4725625947294151521,true,0,79,14799495970884258340,79|0|0|0,516050000|125000000|125000000|125000000,2
stealing,4,10000,50000,heterogeneous,end_to_end,0.446838,0.00603106,22379.5,4725625947294151521,true,0,79,14799495970884258340,79|0|0|0,516050000|125000000|125000000|125000000,2
stealing,8,10000,50000,heterogeneous,prequeued,0.435257,0.00214649,22974.9,4725625947294151521,true,0,79,14799495970884258340,79|0|0|0|0|0|0|0,453550000|62500000|62500000|62500000|62500000|62500000|62500000|62500000,2
stealing,8,10000,50000,heterogeneous,end_to_end,0.43455,0.0128603,23012.3,4725625947294151521,true,0,79,14799495970884258340,79|0|0|0|0|0|0|0,453550000|62500000|62500000|62500000|62500000|62500000|62500000|62500000,2
baseline,1,10000,50000,heterogeneous_random,prequeued,1.66701,0.00222297,5998.75,5959196213675356662,true,20261011,79,1889886621505850164,79,891050000,2
baseline,1,10000,50000,heterogeneous_random,end_to_end,1.66531,0.00207345,6004.88,5959196213675356662,true,20261011,79,1889886621505850164,79,891050000,2
baseline,2,10000,50000,heterogeneous_random,prequeued,0.859281,0.00229073,11637.6,5959196213675356662,true,20261011,79,1889886621505850164,37|42,433150000|457900000,2
baseline,2,10000,50000,heterogeneous_random,end_to_end,0.870431,0.00233398,11488.6,5959196213675356662,true,20261011,79,1889886621505850164,37|42,433150000|457900000,2
baseline,4,10000,50000,heterogeneous_random,prequeued,0.507259,0.00310173,19713.8,5959196213675356662,true,20261011,79,1889886621505850164,14|13|23|29,194300000|189350000|238850000|268550000,2
baseline,4,10000,50000,heterogeneous_random,end_to_end,0.523944,0.00338294,19086,5959196213675356662,true,20261011,79,1889886621505850164,14|13|23|29,194300000|189350000|238850000|268550000,2
baseline,8,10000,50000,heterogeneous_random,prequeued,0.486446,0.00207942,20557.3,5959196213675356662,true,20261011,79,1889886621505850164,4|7|10|16|10|6|13|13,82300000|97150000|112000000|141700000|112000000|92200000|126850000|126850000,2
baseline,8,10000,50000,heterogeneous_random,end_to_end,0.502337,0.0144293,19906.9,5959196213675356662,true,20261011,79,1889886621505850164,4|7|10|16|10|6|13|13,82300000|97150000|112000000|141700000|112000000|92200000|126850000|126850000,2
stealing,1,10000,50000,heterogeneous_random,prequeued,1.66707,0.00231564,5998.55,5959196213675356662,true,20261011,79,1889886621505850164,79,891050000,2
stealing,1,10000,50000,heterogeneous_random,end_to_end,1.66514,0.00234684,6005.52,5959196213675356662,true,20261011,79,1889886621505850164,79,891050000,2
stealing,2,10000,50000,heterogeneous_random,prequeued,0.838666,0.00215775,11923.7,5959196213675356662,true,20261011,79,1889886621505850164,37|42,433150000|457900000,2
stealing,2,10000,50000,heterogeneous_random,end_to_end,0.837998,0.00270718,11933.2,5959196213675356662,true,20261011,79,1889886621505850164,37|42,433150000|457900000,2
stealing,4,10000,50000,heterogeneous_random,prequeued,0.432346,0.00212496,23129.6,5959196213675356662,true,20261011,79,1889886621505850164,14|13|23|29,194300000|189350000|238850000|268550000,2
stealing,4,10000,50000,heterogeneous_random,end_to_end,0.431647,0.00497674,23167.1,5959196213675356662,true,20261011,79,1889886621505850164,14|13|23|29,194300000|189350000|238850000|268550000,2
stealing,8,10000,50000,heterogeneous_random,prequeued,0.439555,0.00236547,22750.3,5959196213675356662,true,20261011,79,1889886621505850164,4|7|10|16|10|6|13|13,82300000|97150000|112000000|141700000|112000000|92200000|126850000|126850000,2
stealing,8,10000,50000,heterogeneous_random,end_to_end,0.458905,0.0157659,21791,5959196213675356662,true,20261011,79,1889886621505850164,4|7|10|16|10|6|13|13,82300000|97150000|112000000|141700000|112000000|92200000|126850000|126850000,2
baseline,1,10000,50000,heterogeneous,prequeued,1.66628,0.00218984,6001.39,4725625947294151521,true,0,79,14799495970884258340,79,891050000,2
baseline,1,10000,50000,heterogeneous,end_to_end,1.66977,0.0028507,5988.86,4725625947294151521,true,0,79,14799495970884258340,79,891050000,2
baseline,2,10000,50000,heterogeneous,prequeued,1.20227,0.00202438,8317.61,4725625947294151521,true,0,79,14799495970884258340,79|0,641050000|250000000,3
baseline,1,10000,50000,heterogeneous,end_to_end,1.66787,0.0022995,5995.66,4725625947294151521,true,0,79,14799495970884258340,79,891050000,3
baseline,1,10000,50000,heterogeneous,prequeued,1.6694,0.00210173,5990.18,4725625947294151521,true,0,79,14799495970884258340,79,891050000,3
stealing,8,10000,50000,heterogeneous_random,end_to_end,0.477569,0.0134373,20939.4,2194702433782491821,true,20261012,79,5521583996655308448,10|7|10|10|11|12|10|9,112000000|97150000|112000000|112000000|116950000|121900000|112000000|107050000,3
stealing,8,10000,50000,heterogeneous_random,prequeued,0.537504,0.00213669,18604.5,2194702433782491821,true,20261012,79,5521583996655308448,10|7|10|10|11|12|10|9,112000000|97150000|112000000|112000000|116950000|121900000|112000000|107050000,3
stealing,4,10000,50000,heterogeneous_random,end_to_end,0.477733,0.00520414,20932.2,2194702433782491821,true,20261012,79,5521583996655308448,21|19|20|19,228950000|219050000|224000000|219050000,3
stealing,4,10000,50000,heterogeneous_random,prequeued,0.461411,0.00216582,21672.6,2194702433782491821,true,20261012,79,5521583996655308448,21|19|20|19,228950000|219050000|224000000|219050000,3
stealing,2,10000,50000,heterogeneous_random,end_to_end,0.840907,0.00358765,11891.9,2194702433782491821,true,20261012,79,5521583996655308448,41|38,452950000|438100000,3
stealing,2,10000,50000,heterogeneous_random,prequeued,0.842787,0.00221118,11865.4,2194702433782491821,true,20261012,79,5521583996655308448,41|38,452950000|438100000,3
stealing,1,10000,50000,heterogeneous_random,end_to_end,1.66781,0.00237546,5995.88,2194702433782491821,true,20261012,79,5521583996655308448,79,891050000,3
stealing,1,10000,50000,heterogeneous_random,prequeued,1.66869,0.00217694,5992.74,2194702433782491821,true,20261012,79,5521583996655308448,79,891050000,3
baseline,8,10000,50000,heterogeneous_random,end_to_end,0.443524,0.0110483,22546.7,2194702433782491821,true,20261012,79,5521583996655308448,10|7|10|10|11|12|10|9,112000000|97150000|112000000|112000000|116950000|121900000|112000000|107050000,3
baseline,8,10000,50000,heterogeneous_random,prequeued,0.45556,0.00207687,21951,2194702433782491821,true,20261012,79,5521583996655308448,10|7|10|10|11|12|10|9,112000000|97150000|112000000|112000000|116950000|121900000|112000000|107050000,3
baseline,4,10000,50000,heterogeneous_random,end_to_end,0.471003,0.016013,21231.3,2194702433782491821,true,20261012,79,5521583996655308448,21|19|20|19,228950000|219050000|224000000|219050000,3
baseline,4,10000,50000,heterogeneous_random,prequeued,0.459985,0.00201511,21739.8,2194702433782491821,true,20261012,79,5521583996655308448,21|19|20|19,228950000|219050000|224000000|219050000,3
baseline,2,10000,50000,heterogeneous_random,end_to_end,0.847593,0.00339312,11798.1,2194702433782491821,true,20261012,79,5521583996655308448,41|38,452950000|438100000,3
baseline,2,10000,50000,heterogeneous_random,prequeued,0.857984,0.00212931,11655.2,2194702433782491821,true,20261012,79,5521583996655308448,41|38,452950000|438100000,3
baseline,1,10000,50000,heterogeneous_random,end_to_end,1.6705,0.0021874,5986.22,2194702433782491821,true,20261012,79,5521583996655308448,79,891050000,3
baseline,1,10000,50000,heterogeneous_random,prequeued,1.66377,0.00219397,6010.45,2194702433782491821,true,20261012,79,5521583996655308448,79,891050000,3
stealing,8,10000,50000,heterogeneous,end_to_end,0.441498,0.0194017,22650.1,4725625947294151521,true,0,79,14799495970884258340,79|0|0|0|0|0|0|0,453550000|62500000|62500000|62500000|62500000|62500000|62500000|62500000,3
stealing,8,10000,50000,heterogeneous,prequeued,0.445637,0.00299398,22439.8,4725625947294151521,true,0,79,14799495970884258340,79|0|0|0|0|0|0|0,453550000|62500000|62500000|62500000|62500000|62500000|62500000|62500000,3
stealing,4,10000,50000,heterogeneous,end_to_end,0.431677,0.00446305,23165.5,4725625947294151521,true,0,79,14799495970884258340,79|0|0|0,516050000|125000000|125000000|125000000,3
stealing,4,10000,50000,heterogeneous,prequeued,0.443495,0.00232552,22548.1,4725625947294151521,true,0,79,14799495970884258340,79|0|0|0,516050000|125000000|125000000|125000000,3
stealing,2,10000,50000,heterogeneous,end_to_end,0.836055,0.0021466,11960.9,4725625947294151521,true,0,79,14799495970884258340,79|0,641050000|250000000,3
stealing,2,10000,50000,heterogeneous,prequeued,0.838774,0.00203483,11922.2,4725625947294151521,true,0,79,14799495970884258340,79|0,641050000|250000000,3
stealing,1,10000,50000,heterogeneous,end_to_end,1.66224,0.00228984,6015.99,4725625947294151521,true,0,79,14799495970884258340,79,891050000,3
stealing,1,10000,50000,heterogeneous,prequeued,1.66084,0.00295846,6021.06,4725625947294151521,true,0,79,14799495970884258340,79,891050000,3
baseline,8,10000,50000,heterogeneous,end_to_end,0.888833,0.0135203,11250.7,4725625947294151521,true,0,79,14799495970884258340,79|0|0|0|0|0|0|0,453550000|62500000|62500000|62500000|62500000|62500000|62500000|62500000,3
baseline,8,10000,50000,heterogeneous,prequeued,0.967078,0.00217045,10340.4,4725625947294151521,true,0,79,14799495970884258340,79|0|0|0|0|0|0|0,453550000|62500000|62500000|62500000|62500000|62500000|62500000|62500000,3
baseline,4,10000,50000,heterogeneous,end_to_end,0.969108,0.00516037,10318.8,4725625947294151521,true,0,79,14799495970884258340,79|0|0|0,516050000|125000000|125000000|125000000,3
baseline,4,10000,50000,heterogeneous,prequeued,0.990897,0.00224497,10091.9,4725625947294151521,true,0,79,14799495970884258340,79|0|0|0,516050000|125000000|125000000|125000000,3
baseline,2,10000,50000,heterogeneous,end_to_end,1.21202,0.00262031,8250.69,4725625947294151521,true,0,79,14799495970884258340,79|0,641050000|250000000,3
baseline,4,10000,50000,heterogeneous,prequeued,0.993563,0.00221477,10064.8,4725625947294151521,true,0,79,14799495970884258340,79|0|0|0,516050000|125000000|125000000|125000000,4
baseline,4,10000,50000,heterogeneous,end_to_end,0.997099,0.00332251,10029.1,4725625947294151521,true,0,79,14799495970884258340,79|0|0|0,516050000|125000000|125000000|125000000,4
baseline,8,10000,50000,heterogeneous,prequeued,0.977912,0.0021761,10225.9,4725625947294151521,true,0,79,14799495970884258340,79|0|0|0|0|0|0|0,453550000|62500000|62500000|62500000|62500000|62500000|62500000|62500000,4
baseline,8,10000,50000,heterogeneous,end_to_end,0.8691,0.012316,11506.2,4725625947294151521,true,0,79,14799495970884258340,79|0|0|0|0|0|0|0,453550000|62500000|62500000|62500000|62500000|62500000|62500000|62500000,4
stealing,1,10000,50000,heterogeneous,prequeued,1.67499,0.00207013,5970.19,4725625947294151521,true,0,79,14799495970884258340,79,891050000,4
stealing,1,10000,50000,heterogeneous,end_to_end,1.66307,0.00232413,6012.99,4725625947294151521,true,0,79,14799495970884258340,79,891050000,4
stealing,2,10000,50000,heterogeneous,prequeued,0.838995,0.00209254,11919,4725625947294151521,true,0,79,14799495970884258340,79|0,641050000|250000000,4
stealing,2,10000,50000,heterogeneous,end_to_end,0.837178,0.00323257,11944.9,4725625947294151521,true,0,79,14799495970884258340,79|0,641050000|250000000,4
stealing,4,10000,50000,heterogeneous,prequeued,0.439891,0.00225729,22732.9,4725625947294151521,true,0,79,14799495970884258340,79|0|0|0,516050000|125000000|125000000|125000000,4
stealing,4,10000,50000,heterogeneous,end_to_end,0.448779,0.00460097,22282.7,4725625947294151521,true,0,79,14799495970884258340,79|0|0|0,516050000|125000000|125000000|125000000,4
stealing,8,10000,50000,heterogeneous,prequeued,0.436551,0.00211535,22906.8,4725625947294151521,true,0,79,14799495970884258340,79|0|0|0|0|0|0|0,453550000|62500000|62500000|62500000|62500000|62500000|62500000|62500000,4
stealing,8,10000,50000,heterogeneous,end_to_end,0.444303,0.0152211,22507.2,4725625947294151521,true,0,79,14799495970884258340,79|0|0|0|0|0|0|0,453550000|62500000|62500000|62500000|62500000|62500000|62500000|62500000,4
baseline,1,10000,50000,heterogeneous_random,prequeued,1.66241,0.00227737,6015.38,6388482035079602800,true,20261013,79,11773682220400855778,79,891050000,4
baseline,1,10000,50000,heterogeneous_random,end_to_end,1.66538,0.00229449,6004.65,6388482035079602800,true,20261013,79,11773682220400855778,79,891050000,4
baseline,2,10000,50000,heterogeneous_random,prequeued,0.882555,0.00206931,11330.7,6388482035079602800,true,20261013,79,11773682220400855778,44|35,467800000|423250000,4
baseline,2,10000,50000,heterogeneous_random,end_to_end,0.881019,0.00243558,11350.5,6388482035079602800,true,20261013,79,11773682220400855778,44|35,467800000|423250000,4
baseline,4,10000,50000,heterogeneous_random,prequeued,0.485023,0.00211761,20617.6,6388482035079602800,true,20261013,79,11773682220400855778,20|16|24|19,224000000|204200000|243800000|219050000,4
baseline,4,10000,50000,heterogeneous_random,end_to_end,0.547604,0.003425,18261.4,6388482035079602800,true,20261013,79,11773682220400855778,20|16|24|19,224000000|204200000|243800000|219050000,4
baseline,8,10000,50000,heterogeneous_random,prequeued,0.463035,0.00219807,21596.6,6388482035079602800,true,20261013,79,11773682220400855778,9|5|16|11|11|11|8|8,107050000|87250000|141700000|116950000|116950000|116950000|102100000|102100000,4
baseline,8,10000,50000,heterogeneous_random,end_to_end,0.452972,0.00525114,22076.4,6388482035079602800,true,20261013,79,11773682220400855778,9|5|16|11|11|11|8|8,107050000|87250000|141700000|116950000|116950000|116950000|102100000|102100000,4
stealing,1,10000,50000,heterogeneous_random,prequeued,1.66923,0.00232588,5990.78,6388482035079602800,true,20261013,79,11773682220400855778,79,891050000,4
stealing,1,10000,50000,heterogeneous_random,end_to_end,1.67721,0.00301028,5962.28,6388482035079602800,true,20261013,79,11773682220400855778,79,891050000,4
stealing,2,10000,50000,heterogeneous_random,prequeued,0.83477,0.00287424,11979.4,6388482035079602800,true,20261013,79,11773682220400855778,44|35,467800000|423250000,4
stealing,2,10000,50000,heterogeneous_random,end_to_end,0.841303,0.00559388,11886.3,6388482035079602800,true,20261013,79,11773682220400855778,44|35,467800000|423250000,4
stealing,4,10000,50000,heterogeneous_random,prequeued,0.427008,0.00231097,23418.8,6388482035079602800,true,20261013,79,11773682220400855778,20|16|24|19,224000000|204200000|243800000|219050000,4
stealing,4,10000,50000,heterogeneous_random,end_to_end,0.4416,0.00223044,22644.9,6388482035079602800,true,20261013,79,11773682220400855778,20|16|24|19,224000000|204200000|243800000|219050000,4
stealing,8,10000,50000,heterogeneous_random,prequeued,0.459044,0.00232643,21784.4,6388482035079602800,true,20261013,79,11773682220400855778,9|5|16|11|11|11|8|8,107050000|87250000|141700000|116950000|116950000|116950000|102100000|102100000,4
stealing,8,10000,50000,heterogeneous_random,end_to_end,0.432602,0.0118698,23115.9,6388482035079602800,true,20261013,79,11773682220400855778,9|5|16|11|11|11|8|8,107050000|87250000|141700000|116950000|116950000|116950000|102100000|102100000,4
baseline,1,10000,50000,heterogeneous,prequeued,1.67037,0.00209494,5986.71,4725625947294151521,true,0,79,14799495970884258340,79,891050000,4
baseline,1,10000,50000,heterogeneous,end_to_end,1.6684,0.00211191,5993.78,4725625947294151521,true,0,79,14799495970884258340,79,891050000,4
baseline,2,10000,50000,heterogeneous,prequeued,1.21476,0.00205527,8232.09,4725625947294151521,true,0,79,14799495970884258340,79|0,641050000|250000000,4
baseline,2,10000,50000,heterogeneous,end_to_end,1.20946,0.00229042,8268.14,4725625947294151521,true,0,79,14799495970884258340,79|0,641050000|250000000,4
baseline,4,10000,50000,heterogeneous,prequeued,0.977256,0.00204179,10232.7,4725625947294151521,true,0,79,14799495970884258340,79|0|0|0,516050000|125000000|125000000|125000000,5
baseline,2,10000,50000,heterogeneous,end_to_end,1.20469,0.00325933,8300.89,4725625947294151521,true,0,79,14799495970884258340,79|0,641050000|250000000,5
baseline,2,10000,50000,heterogeneous,prequeued,1.20269,0.00206079,8314.68,4725625947294151521,true,0,79,14799495970884258340,79|0,641050000|250000000,5
baseline,1,10000,50000,heterogeneous,end_to_end,1.66351,0.0023603,6011.37,4725625947294151521,true,0,79,14799495970884258340,79,891050000,5
baseline,1,10000,50000,heterogeneous,prequeued,1.6725,0.0021032,5979.07,4725625947294151521,true,0,79,14799495970884258340,79,891050000,5
stealing,8,10000,50000,heterogeneous_random,end_to_end,0.432551,0.0121813,23118.7,12994542053280906090,true,20261014,79,3849913869287947800,10|9|13|5|9|9|13|11,112000000|107050000|126850000|87250000|107050000|107050000|126850000|116950000,5
stealing,8,10000,50000,heterogeneous_random,prequeued,0.432862,0.00233038,23102.1,12994542053280906090,true,20261014,79,3849913869287947800,10|9|13|5|9|9|13|11,112000000|107050000|126850000|87250000|107050000|107050000|126850000|116950000,5
stealing,4,10000,50000,heterogeneous_random,end_to_end,0.436411,0.00579944,22914.2,12994542053280906090,true,20261014,79,3849913869287947800,19|18|26|16,219050000|214100000|253700000|204200000,5
stealing,4,10000,50000,heterogeneous_random,prequeued,0.457759,0.00222009,21845.5,12994542053280906090,true,20261014,79,3849913869287947800,19|18|26|16,219050000|214100000|253700000|204200000,5
stealing,2,10000,50000,heterogeneous_random,end_to_end,0.832894,0.00274127,12006.3,12994542053280906090,true,20261014,79,3849913869287947800,45|34,472750000|418300000,5
stealing,2,10000,50000,heterogeneous_random,prequeued,0.841954,0.00232643,11877.1,12994542053280906090,true,20261014,79,3849913869287947800,45|34,472750000|418300000,5
stealing,1,10000,50000,heterogeneous_random,end_to_end,1.66442,0.00223629,6008.12,12994542053280906090,true,20261014,79,3849913869287947800,79,891050000,5
stealing,1,10000,50000,heterogeneous_random,prequeued,1.67746,0.00221827,5961.39,12994542053280906090,true,20261014,79,3849913869287947800,79,891050000,5
baseline,8,10000,50000,heterogeneous_random,end_to_end,0.450153,0.0056154,22214.7,12994542053280906090,true,20261014,79,3849913869287947800,10|9|13|5|9|9|13|11,112000000|107050000|126850000|87250000|107050000|107050000|126850000|116950000,5
baseline,8,10000,50000,heterogeneous_random,prequeued,0.455361,0.00221718,21960.6,12994542053280906090,true,20261014,79,3849913869287947800,10|9|13|5|9|9|13|11,112000000|107050000|126850000|87250000|107050000|107050000|126850000|116950000,5
baseline,4,10000,50000,heterogeneous_random,end_to_end,0.494678,0.0062937,20215.2,12994542053280906090,true,20261014,79,3849913869287947800,19|18|26|16,219050000|214100000|253700000|204200000,5
baseline,4,10000,50000,heterogeneous_random,prequeued,0.495213,0.00233833,20193.3,12994542053280906090,true,20261014,79,3849913869287947800,19|18|26|16,219050000|214100000|253700000|204200000,5
baseline,2,10000,50000,heterogeneous_random,end_to_end,0.887025,0.00221937,11273.6,12994542053280906090,true,20261014,79,3849913869287947800,45|34,472750000|418300000,5
baseline,2,10000,50000,heterogeneous_random,prequeued,0.890845,0.00206989,11225.3,12994542053280906090,true,20261014,79,3849913869287947800,45|34,472750000|418300000,5
baseline,1,10000,50000,heterogeneous_random,end_to_end,1.66845,0.00225168,5993.59,12994542053280906090,true,20261014,79,3849913869287947800,79,891050000,5
baseline,1,10000,50000,heterogeneous_random,prequeued,1.65767,0.00354746,6032.57,12994542053280906090,true,20261014,79,3849913869287947800,79,891050000,5
stealing,8,10000,50000,heterogeneous,end_to_end,0.439391,0.00940279,22758.8,4725625947294151521,true,0,79,14799495970884258340,79|0|0|0|0|0|0|0,453550000|62500000|62500000|62500000|62500000|62500000|62500000|62500000,5
stealing,8,10000,50000,heterogeneous,prequeued,0.444121,0.00210964,22516.4,4725625947294151521,true,0,79,14799495970884258340,79|0|0|0|0|0|0|0,453550000|62500000|62500000|62500000|62500000|62500000|62500000|62500000,5
stealing,4,10000,50000,heterogeneous,end_to_end,0.473951,0.00537697,21099.2,4725625947294151521,true,0,79,14799495970884258340,79|0|0|0,516050000|125000000|125000000|125000000,5
stealing,4,10000,50000,heterogeneous,prequeued,0.437597,0.00224212,22852.1,4725625947294151521,true,0,79,14799495970884258340,79|0|0|0,516050000|125000000|125000000|125000000,5
stealing,2,10000,50000,heterogeneous,end_to_end,0.858549,0.00235218,11647.6,4725625947294151521,true,0,79,14799495970884258340,79|0,641050000|250000000,5
stealing,2,10000,50000,heterogeneous,prequeued,0.842873,0.00209364,11864.2,4725625947294151521,true,0,79,14799495970884258340,79|0,641050000|250000000,5
stealing,1,10000,50000,heterogeneous,end_to_end,1.66908,0.00219079,5991.33,4725625947294151521,true,0,79,14799495970884258340,79,891050000,5
stealing,1,10000,50000,heterogeneous,prequeued,1.67056,0.00226533,5986,4725625947294151521,true,0,79,14799495970884258340,79,891050000,5
baseline,8,10000,50000,heterogeneous,end_to_end,0.989611,0.00594256,10105,4725625947294151521,true,0,79,14799495970884258340,79|0|0|0|0|0|0|0,453550000|62500000|62500000|62500000|62500000|62500000|62500000|62500000,5
baseline,8,10000,50000,heterogeneous,prequeued,0.962347,0.00222864,10391.3,4725625947294151521,true,0,79,14799495970884258340,79|0|0|0|0|0|0|0,453550000|62500000|62500000|62500000|62500000|62500000|62500000|62500000,5
baseline,4,10000,50000,heterogeneous,end_to_end,0.970428,0.00530582,10304.7,4725625947294151521,true,0,79,14799495970884258340,79|0|0|0,516050000|125000000|125000000|125000000,5
baseline,8,10000,50000,heterogeneous,prequeued,0.987516,0.00223218,10126.4,4725625947294151521,true,0,79,14799495970884258340,79|0|0|0|0|0|0|0,453550000|62500000|62500000|62500000|62500000|62500000|62500000|62500000,6
baseline,8,10000,50000,heterogeneous,end_to_end,0.906507,0.0114974,11031.4,4725625947294151521,true,0,79,14799495970884258340,79|0|0|0|0|0|0|0,453550000|62500000|62500000|62500000|62500000|62500000|62500000|62500000,6
stealing,1,10000,50000,heterogeneous,prequeued,1.66389,0.00284598,6010,4725625947294151521,true,0,79,14799495970884258340,79,891050000,6
stealing,1,10000,50000,heterogeneous,end_to_end,1.67413,0.00216582,5973.27,4725625947294151521,true,0,79,14799495970884258340,79,891050000,6
stealing,2,10000,50000,heterogeneous,prequeued,0.83707,0.00238267,11946.4,4725625947294151521,true,0,79,14799495970884258340,79|0,641050000|250000000,6
stealing,2,10000,50000,heterogeneous,end_to_end,0.837953,0.00237456,11933.8,4725625947294151521,true,0,79,14799495970884258340,79|0,641050000|250000000,6
stealing,4,10000,50000,heterogeneous,prequeued,0.467348,0.00210498,21397.3,4725625947294151521,true,0,79,14799495970884258340,79|0|0|0,516050000|125000000|125000000|125000000,6
stealing,4,10000,50000,heterogeneous,end_to_end,0.442418,0.00624411,22603.1,4725625947294151521,true,0,79,14799495970884258340,79|0|0|0,516050000|125000000|125000000|125000000,6
stealing,8,10000,50000,heterogeneous,prequeued,0.464157,0.00220651,21544.4,4725625947294151521,true,0,79,14799495970884258340,79|0|0|0|0|0|0|0,453550000|62500000|62500000|62500000|62500000|62500000|62500000|62500000,6
stealing,8,10000,50000,heterogeneous,end_to_end,0.447083,0.00887839,22367.2,4725625947294151521,true,0,79,14799495970884258340,79|0|0|0|0|0|0|0,453550000|62500000|62500000|62500000|62500000|62500000|62500000|62500000,6
baseline,1,10000,50000,heterogeneous_random,prequeued,1.66516,0.00304209,6005.44,16588492502334958218,true,20261015,79,6903935670146502044,79,891050000,6
baseline,1,10000,50000,heterogeneous_random,end_to_end,1.67479,0.00332836,5970.9,16588492502334958218,true,20261015,79,6903935670146502044,79,891050000,6
baseline,2,10000,50000,heterogeneous_random,prequeued,0.900163,0.00211275,11109.1,16588492502334958218,true,20261015,79,6903935670146502044,33|46,413350000|477700000,6
baseline,2,10000,50000,heterogeneous_random,end_to_end,0.898289,0.0102296,11132.3,16588492502334958218,true,20261015,79,6903935670146502044,33|46,413350000|477700000,6
baseline,4,10000,50000,heterogeneous_random,prequeued,0.479224,0.0020305,20867.1,16588492502334958218,true,20261015,79,6903935670146502044,18|24|15|22,214100000|243800000|199250000|233900000,6
baseline,4,10000,50000,heterogeneous_random,end_to_end,0.462303,0.00523457,21630.8,16588492502334958218,true,20261015,79,6903935670146502044,18|24|15|22,214100000|243800000|199250000|233900000,6
baseline,8,10000,50000,heterogeneous_random,prequeued,0.45828,0.0022439,21820.7,16588492502334958218,true,20261015,79,6903935670146502044,9|14|6|14|9|10|9|8,107050000|131800000|92200000|131800000|107050000|112000000|107050000|102100000,6
baseline,8,10000,50000,heterogeneous_random,end_to_end,0.496801,0.0179292,20128.8,16588492502334958218,true,20261015,79,6903935670146502044,9|14|6|14|9|10|9|8,107050000|131800000|92200000|131800000|107050000|112000000|107050000|102100000,6
stealing,1,10000,50000,heterogeneous_random,prequeued,1.66665,0.00228057,6000.04,16588492502334958218,true,20261015,79,6903935670146502044,79,891050000,6
stealing,1,10000,50000,heterogeneous_random,end_to_end,1.66474,0.00217468,6006.95,16588492502334958218,true,20261015,79,6903935670146502044,79,891050000,6
stealing,2,10000,50000,heterogeneous_random,prequeued,0.844853,0.0028993,11836.4,16588492502334958218,true,20261015,79,6903935670146502044,33|46,413350000|477700000,6
stealing,2,10000,50000,heterogeneous_random,end_to_end,0.840139,0.00219923,11902.8,16588492502334958218,true,20261015,79,6903935670146502044,33|46,413350000|477700000,6
stealing,4,10000,50000,heterogeneous_random,prequeued,0.441642,0.00219215,22642.8,16588492502334958218,true,20261015,79,6903935670146502044,18|24|15|22,214100000|243800000|199250000|233900000,6
stealing,4,10000,50000,heterogeneous_random,end_to_end,0.437263,0.0052697,22869.5,16588492502334958218,true,20261015,79,6903935670146502044,18|24|15|22,214100000|243800000|199250000|233900000,6
stealing,8,10000,50000,heterogeneous_random,prequeued,0.437672,0.00221232,22848.2,16588492502334958218,true,20261015,79,6903935670146502044,9|14|6|14|9|10|9|8,107050000|131800000|92200000|131800000|107050000|112000000|107050000|102100000,6
stealing,8,10000,50000,heterogeneous_random,end_to_end,0.452554,0.00260756,22096.8,16588492502334958218,true,20261015,79,6903935670146502044,9|14|6|14|9|10|9|8,107050000|131800000|92200000|131800000|107050000|112000000|107050000|102100000,6
baseline,1,10000,50000,heterogeneous,prequeued,1.66782,0.00225584,5995.85,4725625947294151521,true,0,79,14799495970884258340,79,891050000,6
baseline,1,10000,50000,heterogeneous,end_to_end,1.6654,0.0022881,6004.55,4725625947294151521,true,0,79,14799495970884258340,79,891050000,6
baseline,2,10000,50000,heterogeneous,prequeued,1.20098,0.00286009,8326.55,4725625947294151521,true,0,79,14799495970884258340,79|0,641050000|250000000,6
baseline,2,10000,50000,heterogeneous,end_to_end,1.20457,0.00312407,8301.74,4725625947294151521,true,0,79,14799495970884258340,79|0,641050000|250000000,6
baseline,4,10000,50000,heterogeneous,prequeued,1.00459,0.00214719,9954.27,4725625947294151521,true,0,79,14799495970884258340,79|0|0|0,516050000|125000000|125000000|125000000,6
baseline,4,10000,50000,heterogeneous,end_to_end,0.970405,0.00528419,10305,4725625947294151521,true,0,79,14799495970884258340,79|0|0|0,516050000|125000000|125000000|125000000,6
baseline,8,10000,50000,heterogeneous,prequeued,0.873924,0.00224878,11442.6,4725625947294151521,true,0,79,14799495970884258340,79|0|0|0|0|0|0|0,453550000|62500000|62500000|62500000|62500000|62500000|62500000|62500000,7
baseline,4,10000,50000,heterogeneous,end_to_end,0.962715,0.00280672,10387.3,4725625947294151521,true,0,79,14799495970884258340,79|0|0|0,516050000|125000000|125000000|125000000,7
baseline,4,10000,50000,heterogeneous,prequeued,0.990865,0.00214593,10092.2,4725625947294151521,true,0,79,14799495970884258340,79|0|0|0,516050000|125000000|125000000|125000000,7
baseline,2,10000,50000,heterogeneous,end_to_end,1.19819,0.00231405,8345.95,4725625947294151521,true,0,79,14799495970884258340,79|0,641050000|250000000,7
baseline,2,10000,50000,heterogeneous,prequeued,1.20506,0.00205176,8298.33,4725625947294151521,true,0,79,14799495970884258340,79|0,641050000|250000000,7
baseline,1,10000,50000,heterogeneous,end_to_end,1.6693,0.00318967,5990.55,4725625947294151521,true,0,79,14799495970884258340,79,891050000,7
baseline,1,10000,50000,heterogeneous,prequeued,1.66812,0.00227663,5994.76,4725625947294151521,true,0,79,14799495970884258340,79,891050000,7
stealing,8,10000,50000,heterogeneous_random,end_to_end,0.460081,0.00922251,21735.3,11947199263374046877,true,20261016,79,16100260951855741520,11|8|9|14|8|8|11|10,116950000|102100000|107050000|131800000|102100000|102100000|116950000|112000000,7
stealing,8,10000,50000,heterogeneous_random,prequeued,0.434057,0.00224746,23038.5,11947199263374046877,true,20261016,79,16100260951855741520,11|8|9|14|8|8|11|10,116950000|102100000|107050000|131800000|102100000|102100000|116950000|112000000,7
stealing,4,10000,50000,heterogeneous_random,end_to_end,0.444072,0.00542936,22518.9,11947199263374046877,true,20261016,79,16100260951855741520,19|16|20|24,219050000|204200000|224000000|243800000,7
stealing,4,10000,50000,heterogeneous_random,prequeued,0.436973,0.00299113,22884.7,11947199263374046877,true,20261016,79,16100260951855741520,19|16|20|24,219050000|204200000|224000000|243800000,7
stealing,2,10000,50000,heterogeneous_random,end_to_end,0.836937,0.00333907,11948.3,11947199263374046877,true,20261016,79,16100260951855741520,39|40,443050000|448000000,7
stealing,2,10000,50000,heterogeneous_random,prequeued,0.835771,0.00224517,11965,11947199263374046877,true,20261016,79,16100260951855741520,39|40,443050000|448000000,7
stealing,1,10000,50000,heterogeneous_random,end_to_end,1.66237,0.00217315,6015.52,11947199263374046877,true,20261016,79,16100260951855741520,79,891050000,7
stealing,1,10000,50000,heterogeneous_random,prequeued,1.663,0.00220305,6013.22,11947199263374046877,true,20261016,79,16100260951855741520,79,891050000,7
baseline,8,10000,50000,heterogeneous_random,end_to_end,0.46919,0.0165403,21313.3,11947199263374046877,true,20261016,79,16100260951855741520,11|8|9|14|8|8|11|10,116950000|102100000|107050000|131800000|102100000|102100000|116950000|112000000,7
baseline,8,10000,50000,heterogeneous_random,prequeued,0.510613,0.00215857,19584.3,11947199263374046877,true,20261016,79,16100260951855741520,11|8|9|14|8|8|11|10,116950000|102100000|107050000|131800000|102100000|102100000|116950000|112000000,7
baseline,4,10000,50000,heterogeneous_random,end_to_end,0.472132,0.00223876,21180.5,11947199263374046877,true,20261016,79,16100260951855741520,19|16|20|24,219050000|204200000|224000000|243800000,7
baseline,4,10000,50000,heterogeneous_random,prequeued,0.469544,0.00204827,21297.2,11947199263374046877,true,20261016,79,16100260951855741520,19|16|20|24,219050000|204200000|224000000|243800000,7
baseline,2,10000,50000,heterogeneous_random,end_to_end,0.847418,0.00252956,11800.5,11947199263374046877,true,20261016,79,16100260951855741520,39|40,443050000|448000000,7
baseline,2,10000,50000,heterogeneous_random,prequeued,0.842481,0.00220216,11869.7,11947199263374046877,true,20261016,79,16100260951855741520,39|40,443050000|448000000,7
baseline,1,10000,50000,heterogeneous_random,end_to_end,1.66702,0.00227704,5998.74,11947199263374046877,true,20261016,79,16100260951855741520,79,891050000,7
baseline,1,10000,50000,heterogeneous_random,prequeued,1.66447,0.00232496,6007.91,11947199263374046877,true,20261016,79,16100260951855741520,79,891050000,7
stealing,8,10000,50000,heterogeneous,end_to_end,0.436374,0.0110848,22916.1,4725625947294151521,true,0,79,14799495970884258340,79|0|0|0|0|0|0|0,453550000|62500000|62500000|62500000|62500000|62500000|62500000|62500000,7
stealing,8,10000,50000,heterogeneous,prequeued,0.452356,0.00303727,22106.5,4725625947294151521,true,0,79,14799495970884258340,79|0|0|0|0|0|0|0,453550000|62500000|62500000|62500000|62500000|62500000|62500000|62500000,7
stealing,4,10000,50000,heterogeneous,end_to_end,0.469424,0.00552397,21302.7,4725625947294151521,true,0,79,14799495970884258340,79|0|0|0,516050000|125000000|125000000|125000000,7
stealing,4,10000,50000,heterogeneous,prequeued,0.445539,0.002209,22444.7,4725625947294151521,true,0,79,14799495970884258340,79|0|0|0,516050000|125000000|125000000|125000000,7
stealing,2,10000,50000,heterogeneous,end_to_end,0.840866,0.00239724,11892.5,4725625947294151521,true,0,79,14799495970884258340,79|0,641050000|250000000,7
stealing,2,10000,50000,heterogeneous,prequeued,0.837931,0.00212816,11934.2,4725625947294151521,true,0,79,14799495970884258340,79|0,641050000|250000000,7
stealing,1,10000,50000,heterogeneous,end_to_end,1.66608,0.00247364,6002.13,4725625947294151521,true,0,79,14799495970884258340,79,891050000,7
stealing,1,10000,50000,heterogeneous,prequeued,1.66533,0.00215411,6004.83,4725625947294151521,true,0,79,14799495970884258340,79,891050000,7
baseline,8,10000,50000,heterogeneous,end_to_end,0.973917,0.0058992,10267.8,4725625947294151521,true,0,79,14799495970884258340,79|0|0|0|0|0|0|0,453550000|62500000|62500000|62500000|62500000|62500000|62500000|62500000,7
stealing,1,10000,50000,heterogeneous,prequeued,1.67566,0.00209385,5967.78,4725625947294151521,true,0,79,14799495970884258340,79,891050000,8
stealing,1,10000,50000,heterogeneous,end_to_end,1.6681,0.00225155,5994.83,4725625947294151521,true,0,79,14799495970884258340,79,891050000,8
stealing,2,10000,50000,heterogeneous,prequeued,0.855394,0.00210678,11690.5,4725625947294151521,true,0,79,14799495970884258340,79|0,641050000|250000000,8
stealing,2,10000,50000,heterogeneous,end_to_end,0.855898,0.00238422,11683.6,4725625947294151521,true,0,79,14799495970884258340,79|0,641050000|250000000,8
stealing,4,10000,50000,heterogeneous,prequeued,0.451572,0.00227968,22144.9,4725625947294151521,true,0,79,14799495970884258340,79|0|0|0,516050000|125000000|125000000|125000000,8
stealing,4,10000,50000,heterogeneous,end_to_end,0.457348,0.00481163,21865.2,4725625947294151521,true,0,79,14799495970884258340,79|0|0|0,516050000|125000000|125000000|125000000,8
stealing,8,10000,50000,heterogeneous,prequeued,0.434357,0.00210517,23022.5,4725625947294151521,true,0,79,14799495970884258340,79|0|0|0|0|0|0|0,453550000|62500000|62500000|62500000|62500000|62500000|62500000|62500000,8
stealing,8,10000,50000,heterogeneous,end_to_end,0.441444,0.0183599,22652.9,4725625947294151521,true,0,79,14799495970884258340,79|0|0|0|0|0|0|0,453550000|62500000|62500000|62500000|62500000|62500000|62500000|62500000,8
baseline,1,10000,50000,heterogeneous_random,prequeued,1.65916,0.00211337,6027.16,17213062181725542499,true,20261017,79,10529441410682090182,79,891050000,8
baseline,1,10000,50000,heterogeneous_random,end_to_end,1.67497,0.00210322,5970.27,17213062181725542499,true,20261017,79,10529441410682090182,79,891050000,8
baseline,2,10000,50000,heterogeneous_random,prequeued,0.851086,0.00305163,11749.7,17213062181725542499,true,20261017,79,10529441410682090182,38|41,438100000|452950000,8
baseline,2,10000,50000,heterogeneous_random,end_to_end,0.855543,0.00309592,11688.5,17213062181725542499,true,20261017,79,10529441410682090182,38|41,438100000|452950000,8
baseline,4,10000,50000,heterogeneous_random,prequeued,0.498219,0.00286637,20071.5,17213062181725542499,true,20261017,79,10529441410682090182,20|19|18|22,224000000|219050000|214100000|233900000,8
baseline,4,10000,50000,heterogeneous_random,end_to_end,0.464093,0.00797625,21547.4,17213062181725542499,true,20261017,79,10529441410682090182,20|19|18|22,224000000|219050000|214100000|233900000,8
baseline,8,10000,50000,heterogeneous_random,prequeued,0.511333,0.00238707,19556.7,17213062181725542499,true,20261017,79,10529441410682090182,10|9|6|7|10|10|12|15,112000000|107050000|92200000|97150000|112000000|112000000|121900000|136750000,8
baseline,8,10000,50000,heterogeneous_random,end_to_end,0.445757,0.00936881,22433.7,17213062181725542499,true,20261017,79,10529441410682090182,10|9|6|7|10|10|12|15,112000000|107050000|92200000|97150000|112000000|112000000|121900000|136750000,8
stealing,1,10000,50000,heterogeneous_random,prequeued,1.66509,0.00221374,6005.67,17213062181725542499,true,20261017,79,10529441410682090182,79,891050000,8
stealing,1,10000,50000,heterogeneous_random,end_to_end,1.66529,0.00317739,6004.96,17213062181725542499,true,20261017,79,10529441410682090182,79,891050000,8
stealing,2,10000,50000,heterogeneous_random,prequeued,0.832186,0.0020701,12016.5,17213062181725542499,true,20261017,79,10529441410682090182,38|41,438100000|452950000,8
stealing,2,10000,50000,heterogeneous_random,end_to_end,0.83588,0.00602514,11963.4,17213062181725542499,true,20261017,79,10529441410682090182,38|41,438100000|452950000,8
stealing,4,10000,50000,heterogeneous_random,prequeued,0.438644,0.00239806,22797.5,17213062181725542499,true,20261017,79,10529441410682090182,20|19|18|22,224000000|219050000|214100000|233900000,8
stealing,4,10000,50000,heterogeneous_random,end_to_end,0.425575,0.00224797,23497.6,17213062181725542499,true,20261017,79,10529441410682090182,20|19|18|22,224000000|219050000|214100000|233900000,8
stealing,8,10000,50000,heterogeneous_random,prequeued,0.434159,0.00233361,23033,17213062181725542499,true,20261017,79,10529441410682090182,10|9|6|7|10|10|12|15,112000000|107050000|92200000|97150000|112000000|112000000|121900000|136750000,8
stealing,8,10000,50000,heterogeneous_random,end_to_end,0.476611,0.0151313,20981.5,17213062181725542499,true,20261017,79,10529441410682090182,10|9|6|7|10|10|12|15,112000000|107050000|92200000|97150000|112000000|112000000|121900000|136750000,8
baseline,1,10000,50000,heterogeneous,prequeued,1.67316,0.00239777,5976.7,4725625947294151521,true,0,79,14799495970884258340,79,891050000,8
baseline,1,10000,50000,heterogeneous,end_to_end,1.68152,0.00219059,5946.99,4725625947294151521,true,0,79,14799495970884258340,79,891050000,8
baseline,2,10000,50000,heterogeneous,prequeued,1.20022,0.00206671,8331.8,4725625947294151521,true,0,79,14799495970884258340,79|0,641050000|250000000,8
baseline,2,10000,50000,heterogeneous,end_to_end,1.20292,0.00211115,8313.1,4725625947294151521,true,0,79,14799495970884258340,79|0,641050000|250000000,8
baseline,4,10000,50000,heterogeneous,prequeued,0.994864,0.00235963,10051.6,4725625947294151521,true,0,79,14799495970884258340,79|0|0|0,516050000|125000000|125000000|125000000,8
baseline,4,10000,50000,heterogeneous,end_to_end,0.988406,0.00497866,10117.3,4725625947294151521,true,0,79,14799495970884258340,79|0|0|0,516050000|125000000|125000000|125000000,8
baseline,8,10000,50000,heterogeneous,prequeued,0.909706,0.00301698,10992.6,4725625947294151521,true,0,79,14799495970884258340,79|0|0|0|0|0|0|0,453550000|62500000|62500000|62500000|62500000|62500000|62500000|62500000,8
baseline,8,10000,50000,heterogeneous,end_to_end,0.981719,0.0116886,10186.2,4725625947294151521,true,0,79,14799495970884258340,79|0|0|0|0|0|0|0,453550000|62500000|62500000|62500000|62500000|62500000|62500000|62500000,8
stealing,1,10000,50000,heterogeneous,prequeued,1.67,0.00209846,5988.01,4725625947294151521,true,0,79,14799495970884258340,79,891050000,9
baseline,8,10000,50000,heterogeneous,end_to_end,0.882408,0.00237629,11332.6,4725625947294151521,true,0,79,14799495970884258340,79|0|0|0|0|0|0|0,453550000|62500000|62500000|62500000|62500000|62500000|62500000|62500000,9
baseline,8,10000,50000,heterogeneous,prequeued,0.965343,0.00221636,10359,4725625947294151521,true,0,79,14799495970884258340,79|0|0|0|0|0|0|0,453550000|62500000|62500000|62500000|62500000|62500000|62500000|62500000,9
baseline,4,10000,50000,heterogeneous,end_to_end,0.995078,0.00546897,10049.5,4725625947294151521,true,0,79,14799495970884258340,79|0|0|0,516050000|125000000|125000000|125000000,9
baseline,4,10000,50000,heterogeneous,prequeued,0.975195,0.00219434,10254.4,4725625947294151521,true,0,79,14799495970884258340,79|0|0|0,516050000|125000000|125000000|125000000,9
baseline,2,10000,50000,heterogeneous,end_to_end,1.20789,0.00230502,8278.91,4725625947294151521,true,0,79,14799495970884258340,79|0,641050000|250000000,9
baseline,2,10000,50000,heterogeneous,prequeued,1.20333,0.00287576,8310.26,4725625947294151521,true,0,79,14799495970884258340,79|0,641050000|250000000,9
baseline,1,10000,50000,heterogeneous,end_to_end,1.67254,0.00219235,5978.92,4725625947294151521,true,0,79,14799495970884258340,79,891050000,9
baseline,1,10000,50000,heterogeneous,prequeued,1.65887,0.00223757,6028.21,4725625947294151521,true,0,79,14799495970884258340,79,891050000,9
stealing,8,10000,50000,heterogeneous_random,end_to_end,0.460264,0.00550732,21726.7,4869095093679084943,true,20261018,79,608846903238775096,9|8|9|12|14|2|9|16,107050000|102100000|107050000|121900000|131800000|72400000|107050000|141700000,9
stealing,8,10000,50000,heterogeneous_random,prequeued,0.46234,0.00257114,21629.1,4869095093679084943,true,20261018,79,608846903238775096,9|8|9|12|14|2|9|16,107050000|102100000|107050000|121900000|131800000|72400000|107050000|141700000,9
stealing,4,10000,50000,heterogeneous_random,end_to_end,0.43265,0.00637604,23113.4,4869095093679084943,true,20261018,79,608846903238775096,23|10|18|28,238850000|174500000|214100000|263600000,9
stealing,4,10000,50000,heterogeneous_random,prequeued,0.430474,0.00219413,23230.2,4869095093679084943,true,20261018,79,608846903238775096,23|10|18|28,238850000|174500000|214100000|263600000,9
stealing,2,10000,50000,heterogeneous_random,end_to_end,0.838942,0.00236848,11919.8,4869095093679084943,true,20261018,79,608846903238775096,41|38,452950000|438100000,9
stealing,2,10000,50000,heterogeneous_random,prequeued,0.841633,0.00211262,11881.7,4869095093679084943,true,20261018,79,608846903238775096,41|38,452950000|438100000,9
stealing,1,10000,50000,heterogeneous_random,end_to_end,1.66106,0.00228691,6020.27,4869095093679084943,true,20261018,79,608846903238775096,79,891050000,9
stealing,1,10000,50000,heterogeneous_random,prequeued,1.66145,0.00228586,6018.83,4869095093679084943,true,20261018,79,608846903238775096,79,891050000,9
baseline,8,10000,50000,heterogeneous_random,end_to_end,0.461405,0.00985468,21672.9,4869095093679084943,true,20261018,79,608846903238775096,9|8|9|12|14|2|9|16,107050000|102100000|107050000|121900000|131800000|72400000|107050000|141700000,9
baseline,8,10000,50000,heterogeneous_random,prequeued,0.472686,0.00231237,21155.7,4869095093679084943,true,20261018,79,608846903238775096,9|8|9|12|14|2|9|16,107050000|102100000|107050000|121900000|131800000|72400000|107050000|141700000,9
baseline,4,10000,50000,heterogeneous_random,end_to_end,0.524949,0.00557385,19049.5,4869095093679084943,true,20261018,79,608846903238775096,23|10|18|28,238850000|174500000|214100000|263600000,9
baseline,4,10000,50000,heterogeneous_random,prequeued,0.512526,0.00324922,19511.2,4869095093679084943,true,20261018,79,608846903238775096,23|10|18|28,238850000|174500000|214100000|263600000,9
baseline,2,10000,50000,heterogeneous_random,end_to_end,0.858675,0.00228061,11645.9,4869095093679084943,true,20261018,79,608846903238775096,41|38,452950000|438100000,9
baseline,2,10000,50000,heterogeneous_random,prequeued,0.854703,0.00207287,11700,4869095093679084943,true,20261018,79,608846903238775096,41|38,452950000|438100000,9
baseline,1,10000,50000,heterogeneous_random,end_to_end,1.67498,0.00225443,5970.21,4869095093679084943,true,20261018,79,608846903238775096,79,891050000,9
baseline,1,10000,50000,heterogeneous_random,prequeued,1.67006,0.00216768,5987.8,4869095093679084943,true,20261018,79,608846903238775096,79,891050000,9
stealing,8,10000,50000,heterogeneous,end_to_end,0.44457,0.00725993,22493.6,4725625947294151521,true,0,79,14799495970884258340,79|0|0|0|0|0|0|0,453550000|62500000|62500000|62500000|62500000|62500000|62500000|62500000,9
stealing,8,10000,50000,heterogeneous,prequeued,0.44063,0.00215209,22694.8,4725625947294151521,true,0,79,14799495970884258340,79|0|0|0|0|0|0|0,453550000|62500000|62500000|62500000|62500000|62500000|62500000|62500000,9
stealing,4,10000,50000,heterogeneous,end_to_end,0.431161,0.00480768,23193.2,4725625947294151521,true,0,79,14799495970884258340,79|0|0|0,516050000|125000000|125000000|125000000,9
stealing,4,10000,50000,heterogeneous,prequeued,0.456146,0.00224115,21922.8,4725625947294151521,true,0,79,14799495970884258340,79|0|0|0,516050000|125000000|125000000|125000000,9
stealing,2,10000,50000,heterogeneous,end_to_end,0.838734,0.00225981,11922.7,4725625947294151521,true,0,79,14799495970884258340,79|0,641050000|250000000,9
stealing,2,10000,50000,heterogeneous,prequeued,0.856879,0.0029581,11670.3,4725625947294151521,true,0,79,14799495970884258340,79|0,641050000|250000000,9
stealing,1,10000,50000,heterogeneous,end_to_end,1.67614,0.00235282,5966.08,4725625947294151521,true,0,79,14799495970884258340,79,891050000,9
