distribution,mode,threads,phase,runs,median_tasks_per_second,mean_tasks_per_second,stdev,cv,min_seconds,max_seconds
heterogeneous,baseline,1,prequeued,10,5995.305,5997.977,16.79303165667908,0.0027997826028140957,1.65887,1.67316
heterogeneous,baseline,1,end_to_end,10,5994.719999999999,5992.619,19.221985358206652,0.0032076101214188074,1.66283,1.68152
heterogeneous,baseline,2,prequeued,10,8316.145,8314.784,36.82683417775079,0.004429078876583059,1.19385,1.21476
heterogeneous,baseline,2,end_to_end,10,8301.314999999999,8295.478,27.519789566379018,0.0033174447049801135,1.19819,1.21202
heterogeneous,baseline,4,prequeued,10,10125.75,10143.967,115.02445247762658,0.011339198212851696,0.966735,1.00459
heterogeneous,baseline,4,end_to_end,10,10286.6,10237.13,125.52286245939419,0.012261528617824938,0.962715,0.997099
heterogeneous,baseline,8,prequeued,10,10431.45,10648.13,502.45026962321805,0.04718671443936335,0.866644,0.987516
heterogeneous,baseline,8,end_to_end,10,11141.05,10881.84,640.3348363681823,0.058844353194697066,0.866403,0.991822
heterogeneous,stealing,1,prequeued,10,5988.245,5992.955,18.200979979721577,0.0030370626810515976,1.66084,1.67566
heterogeneous,stealing,1,end_to_end,10,5998.48,5995.749,20.504695099198855,0.0034198721626270308,1.66174,1.67614
heterogeneous,stealing,2,prequeued,10,11911.1,11860.05,103.96794644932136,0.008766231714817507,0.83707,0.856879
heterogeneous,stealing,2,end_to_end,10,11896.85,11847.9,120.40605374223396,0.010162649392907938,0.836055,0.858549
heterogeneous,stealing,4,prequeued,10,22496.4,22322.93,528.0661133902753,0.023655770698124093,0.435691,0.467348
heterogeneous,stealing,4,end_to_end,10,22331.1,22250.420000000002,721.7976706344605,0.03243973240210569,0.431161,0.473951
heterogeneous,stealing,8,prequeued,10,22800.8,22644.72,516.4384029097758,0.022806128886105715,0.429149,0.464157
heterogeneous,stealing,8,end_to_end,10,22578.65,22303.11,812.5893543345113,0.03643390335852315,0.43455,0.487857
heterogeneous_random,baseline,1,prequeued,10,6009.18,5999.574,37.674014386576935,0.006279448238587762,1.65767,1.69528
heterogeneous_random,baseline,1,end_to_end,10,5989.860000000001,5986.891,14.135541061845128,0.0023610820811411346,1.66531,1.67498
heterogeneous_random,baseline,2,prequeued,10,11484.150000000001,11322.9,510.51062890230077,0.04508656164960397,0.842481,0.964339
heterogeneous_random,baseline,2,end_to_end,10,11419.55,11334.58,453.542808955842,0.04001408159418717,0.847418,0.94732
heterogeneous_random,baseline,4,prequeued,10,20132.4,20227.42,896.1972300286982,0.044306057323608164,0.459985,0.526091
heterogeneous_random,baseline,4,end_to_end,10,19980.5,20085.1,1245.7442996056614,0.06202330581404431,0.462303,0.547604
heterogeneous_random,baseline,8,prequeued,10,21376.15,21053.62,916.5579799808991,0.04353446010619072,0.455361,0.511333
heterogeneous_random,baseline,8,end_to_end,10,21645.75,21376.22,1047.5372757090795,0.04900479484722179,0.443524,0.503772
heterogeneous_random,stealing,1,prequeued,10,5999.295,5996.378,18.538989424693227,0.0030916979257633904,1.66145,1.67746
heterogeneous_random,stealing,1,end_to_end,10,6007.535,6004.432,16.330750680167267,0.0027197827671572045,1.66106,1.67721
heterogeneous_random,stealing,2,prequeued,10,11902.7,11897.93,95.3211419943714,0.008011573609390154,0.832186,0.856127
heterogeneous_random,stealing,2,end_to_end,10,11926.5,11931.75,38.87887887043834,0.0032584389440307032,0.832894,0.841303
heterogeneous_random,stealing,4,prequeued,10,22796.4,22704.42,560.6683904055946,0.02469423972977925,0.427008,0.461411
heterogeneous_random,stealing,4,end_to_end,10,22891.85,22727.79,706.5309373583324,0.031086653711528148,0.425575,0.477733
heterogeneous_random,stealing,8,prequeued,10,22717.199999999997,22160.59,1357.4283541150726,0.061254161288804704,0.432862,0.537504
heterogeneous_random,stealing,8,end_to_end,10,21943.9,22025.85,755.5092576092854,0.03430102618556312,0.432551,0.477569
