allocator,repeat,count,p50_ns,p95_ns,p99_ns,reserved_payload_waste_bytes,external_fragmentation
pool,0,256,30,40,41,16416,0.333333
stack,0,256,30,41,50,0,0
codex_reference_arena,0,256,40,41,41,0,0
pool,1,256,40,40,41,16416,0.333333
stack,1,256,30,40,41,0,0
codex_reference_arena,1,256,30,40,41,0,0
pool,2,256,30,40,41,16416,0.333333
stack,2,256,30,40,41,0,0
codex_reference_arena,2,256,30,40,41,0,0
pool,3,256,30,30,40,16416,0.333333
stack,3,256,30,40,41,0,0
codex_reference_arena,3,256,30,40,40,0,0
pool,4,256,30,40,41,16416,0.333333
stack,4,256,40,41,50,0,0
codex_reference_arena,4,256,30,41,51,0,0
pool,5,256,30,41,50,16416,0.333333
stack,5,256,40,40,50,0,0
codex_reference_arena,5,256,30,40,50,0,0
pool,6,256,40,41,50,16416,0.333333
stack,6,256,40,41,50,0,0
codex_reference_arena,6,256,30,40,41,0,0
pool,7,256,40,41,41,16416,0.333333
stack,7,256,30,40,41,0,0
codex_reference_arena,7,256,40,41,80,0,0
pool,8,256,30,40,60,16416,0.333333
stack,8,256,30,40,41,0,0
codex_reference_arena,8,256,30,40,41,0,0
pool,9,256,30,40,41,16416,0.333333
stack,9,256,40,41,50,0,0
codex_reference_arena,9,256,30,40,41,0,0
