mode,threads,tasks,iterations,distribution,phase,seconds,submit_seconds,tasks_per_second,checksum,exactly_once,repeat
baseline,1,10000,50000,balanced,prequeued,0.942046,0.00290938,10615.2,2447969072293711489,true,0
baseline,1,10000,50000,balanced,end_to_end,0.951722,0.00223813,10507.3,2447969072293711489,true,0
baseline,2,10000,50000,balanced,prequeued,0.481642,0.00214097,20762.3,2447969072293711489,true,0
baseline,2,10000,50000,balanced,end_to_end,0.477321,0.00218803,20950.2,2447969072293711489,true,0
baseline,4,10000,50000,balanced,prequeued,0.266296,0.00206169,37552.2,2447969072293711489,true,0
baseline,4,10000,50000,balanced,end_to_end,0.259927,0.00920053,38472.4,2447969072293711489,true,0
baseline,8,10000,50000,balanced,prequeued,0.278721,0.00233089,35878.1,2447969072293711489,true,0
baseline,8,10000,50000,balanced,end_to_end,0.25725,0.0221246,38872.7,2447969072293711489,true,0
stealing,1,10000,50000,balanced,prequeued,0.944021,0.00226068,10593,2447969072293711489,true,0
stealing,1,10000,50000,balanced,end_to_end,0.938804,0.00224574,10651.9,2447969072293711489,true,0
stealing,2,10000,50000,balanced,prequeued,0.474223,0.00254783,21087.1,2447969072293711489,true,0
stealing,2,10000,50000,balanced,end_to_end,0.477466,0.0032686,20943.9,2447969072293711489,true,0
stealing,4,10000,50000,balanced,prequeued,0.250479,0.0022886,39923.5,2447969072293711489,true,0
stealing,4,10000,50000,balanced,end_to_end,0.257701,0.00238569,38804.7,2447969072293711489,true,0
stealing,8,10000,50000,balanced,prequeued,0.251799,0.00218384,39714.2,2447969072293711489,true,0
stealing,8,10000,50000,balanced,end_to_end,0.268397,0.0220133,37258.2,2447969072293711489,true,0
baseline,1,10000,50000,skewed,prequeued,0.939078,0.00226413,10648.7,2447969072293711489,true,0
baseline,1,10000,50000,skewed,end_to_end,0.945829,0.00249296,10572.7,2447969072293711489,true,0
baseline,2,10000,50000,skewed,prequeued,0.939042,0.00201524,10649.2,2447969072293711489,true,0
baseline,2,10000,50000,skewed,end_to_end,0.934173,0.0030199,10704.7,2447969072293711489,true,0
baseline,4,10000,50000,skewed,prequeued,0.943354,0.00230933,10600.5,2447969072293711489,true,0
baseline,4,10000,50000,skewed,end_to_end,0.940998,0.00222241,10627,2447969072293711489,true,0
baseline,8,10000,50000,skewed,prequeued,0.94173,0.00219574,10618.8,2447969072293711489,true,0
baseline,8,10000,50000,skewed,end_to_end,0.938828,0.00316226,10651.6,2447969072293711489,true,0
stealing,1,10000,50000,skewed,prequeued,0.939969,0.00239358,10638.6,2447969072293711489,true,0
stealing,1,10000,50000,skewed,end_to_end,0.940668,0.00324106,10630.7,2447969072293711489,true,0
stealing,2,10000,50000,skewed,prequeued,0.485006,0.0022552,20618.3,2447969072293711489,true,0
stealing,2,10000,50000,skewed,end_to_end,0.487482,0.0025709,20513.6,2447969072293711489,true,0
stealing,4,10000,50000,skewed,prequeued,0.255289,0.00218136,39171.2,2447969072293711489,true,0
stealing,4,10000,50000,skewed,end_to_end,0.252502,0.00320234,39603.7,2447969072293711489,true,0
stealing,8,10000,50000,skewed,prequeued,0.248823,0.00323216,40189.2,2447969072293711489,true,0
stealing,8,10000,50000,skewed,end_to_end,0.255652,0.0121897,39115.6,2447969072293711489,true,0
baseline,1,10000,50000,balanced,prequeued,0.941627,0.00230286,10619.9,2447969072293711489,true,1
stealing,8,10000,50000,skewed,end_to_end,0.255409,0.00942871,39152.9,2447969072293711489,true,1
stealing,8,10000,50000,skewed,prequeued,0.245174,0.00322187,40787.4,2447969072293711489,true,1
stealing,4,10000,50000,skewed,end_to_end,0.255691,0.00561885,39109.8,2447969072293711489,true,1
stealing,4,10000,50000,skewed,prequeued,0.261329,0.0022083,38266,2447969072293711489,true,1
stealing,2,10000,50000,skewed,end_to_end,0.484729,0.00224699,20630.1,2447969072293711489,true,1
stealing,2,10000,50000,skewed,prequeued,0.486983,0.00236991,20534.6,2447969072293711489,true,1
stealing,1,10000,50000,skewed,end_to_end,0.94105,0.00227516,10626.4,2447969072293711489,true,1
stealing,1,10000,50000,skewed,prequeued,0.94338,0.00223776,10600.2,2447969072293711489,true,1
baseline,8,10000,50000,skewed,end_to_end,0.943299,0.00216819,10601.1,2447969072293711489,true,1
baseline,8,10000,50000,skewed,prequeued,0.944573,0.00226643,10586.8,2447969072293711489,true,1
baseline,4,10000,50000,skewed,end_to_end,0.944007,0.00231241,10593.1,2447969072293711489,true,1
baseline,4,10000,50000,skewed,prequeued,0.945543,0.00209925,10575.9,2447969072293711489,true,1
baseline,2,10000,50000,skewed,end_to_end,0.94546,0.00224974,10576.9,2447969072293711489,true,1
baseline,2,10000,50000,skewed,prequeued,0.936346,0.00222372,10679.8,2447969072293711489,true,1
baseline,1,10000,50000,skewed,end_to_end,0.93934,0.00259429,10645.8,2447969072293711489,true,1
baseline,1,10000,50000,skewed,prequeued,0.938083,0.0022582,10660,2447969072293711489,true,1
stealing,8,10000,50000,balanced,end_to_end,0.260559,0.0100412,38379,2447969072293711489,true,1
stealing,8,10000,50000,balanced,prequeued,0.260599,0.00217683,38373.2,2447969072293711489,true,1
stealing,4,10000,50000,balanced,end_to_end,0.252536,0.00685152,39598.3,2447969072293711489,true,1
stealing,4,10000,50000,balanced,prequeued,0.250409,0.00249589,39934.7,2447969072293711489,true,1
stealing,2,10000,50000,balanced,end_to_end,0.473026,0.00240115,21140.5,2447969072293711489,true,1
stealing,2,10000,50000,balanced,prequeued,0.471269,0.00219075,21219.3,2447969072293711489,true,1
stealing,1,10000,50000,balanced,end_to_end,0.937083,0.00252994,10671.4,2447969072293711489,true,1
stealing,1,10000,50000,balanced,prequeued,0.941968,0.00225006,10616.1,2447969072293711489,true,1
baseline,8,10000,50000,balanced,end_to_end,0.285981,0.0216196,34967.4,2447969072293711489,true,1
baseline,8,10000,50000,balanced,prequeued,0.261406,0.00214777,38254.6,2447969072293711489,true,1
baseline,4,10000,50000,balanced,end_to_end,0.260699,0.00431898,38358.5,2447969072293711489,true,1
baseline,4,10000,50000,balanced,prequeued,0.242832,0.00212851,41180.8,2447969072293711489,true,1
baseline,2,10000,50000,balanced,end_to_end,0.473189,0.00337689,21133.2,2447969072293711489,true,1
baseline,2,10000,50000,balanced,prequeued,0.490218,0.0021856,20399.1,2447969072293711489,true,1
baseline,1,10000,50000,balanced,end_to_end,0.937451,0.00231574,10667.2,2447969072293711489,true,1
baseline,2,10000,50000,balanced,prequeued,0.47355,0.0020494,21117.1,2447969072293711489,true,2
baseline,2,10000,50000,balanced,end_to_end,0.476274,0.00243197,20996.3,2447969072293711489,true,2
baseline,4,10000,50000,balanced,prequeued,0.28277,0.00212269,35364.5,2447969072293711489,true,2
baseline,4,10000,50000,balanced,end_to_end,0.246486,0.00537229,40570.2,2447969072293711489,true,2
baseline,8,10000,50000,balanced,prequeued,0.267754,0.00209598,37347.7,2447969072293711489,true,2
baseline,8,10000,50000,balanced,end_to_end,0.261401,0.0140238,38255.4,2447969072293711489,true,2
stealing,1,10000,50000,balanced,prequeued,0.950889,0.00224926,10516.5,2447969072293711489,true,2
stealing,1,10000,50000,balanced,end_to_end,0.938883,0.00234761,10651,2447969072293711489,true,2
stealing,2,10000,50000,balanced,prequeued,0.472952,0.00211613,21143.8,2447969072293711489,true,2
stealing,2,10000,50000,balanced,end_to_end,0.475066,0.00323993,21049.7,2447969072293711489,true,2
stealing,4,10000,50000,balanced,prequeued,0.252495,0.00223422,39604.7,2447969072293711489,true,2
stealing,4,10000,50000,balanced,end_to_end,0.246611,0.00237608,40549.6,2447969072293711489,true,2
stealing,8,10000,50000,balanced,prequeued,0.243009,0.00227985,41150.7,2447969072293711489,true,2
stealing,8,10000,50000,balanced,end_to_end,0.25516,0.00859395,39191.1,2447969072293711489,true,2
baseline,1,10000,50000,skewed,prequeued,0.947438,0.00206686,10554.8,2447969072293711489,true,2
baseline,1,10000,50000,skewed,end_to_end,0.943659,0.00298582,10597,2447969072293711489,true,2
baseline,2,10000,50000,skewed,prequeued,0.946064,0.00220346,10570.1,2447969072293711489,true,2
baseline,2,10000,50000,skewed,end_to_end,0.944487,0.00209528,10587.8,2447969072293711489,true,2
baseline,4,10000,50000,skewed,prequeued,0.938203,0.00288526,10658.7,2447969072293711489,true,2
baseline,4,10000,50000,skewed,end_to_end,0.940706,0.00247116,10630.3,2447969072293711489,true,2
baseline,8,10000,50000,skewed,prequeued,0.937673,0.00215488,10664.7,2447969072293711489,true,2
baseline,8,10000,50000,skewed,end_to_end,0.945448,0.00317245,10577,2447969072293711489,true,2
stealing,1,10000,50000,skewed,prequeued,0.949162,0.00217509,10535.6,2447969072293711489,true,2
stealing,1,10000,50000,skewed,end_to_end,0.947896,0.00227524,10549.7,2447969072293711489,true,2
stealing,2,10000,50000,skewed,prequeued,0.483019,0.00219456,20703.1,2447969072293711489,true,2
stealing,2,10000,50000,skewed,end_to_end,0.485627,0.00290404,20591.9,2447969072293711489,true,2
stealing,4,10000,50000,skewed,prequeued,0.255568,0.00215463,39128.6,2447969072293711489,true,2
stealing,4,10000,50000,skewed,end_to_end,0.334472,0.00583092,29897.9,2447969072293711489,true,2
stealing,8,10000,50000,skewed,prequeued,0.276929,0.00230309,36110.3,2447969072293711489,true,2
stealing,8,10000,50000,skewed,end_to_end,0.262655,0.0267493,38072.8,2447969072293711489,true,2
baseline,1,10000,50000,balanced,prequeued,0.943895,0.0021441,10594.4,2447969072293711489,true,2
baseline,1,10000,50000,balanced,end_to_end,0.949712,0.00318204,10529.5,2447969072293711489,true,2
baseline,2,10000,50000,balanced,prequeued,0.485206,0.00226379,20609.8,2447969072293711489,true,3
baseline,1,10000,50000,balanced,end_to_end,0.943807,0.00246227,10595.4,2447969072293711489,true,3
baseline,1,10000,50000,balanced,prequeued,0.941411,0.00211979,10622.4,2447969072293711489,true,3
stealing,8,10000,50000,skewed,end_to_end,0.271484,0.0124631,36834.6,2447969072293711489,true,3
stealing,8,10000,50000,skewed,prequeued,0.272398,0.00241844,36711,2447969072293711489,true,3
stealing,4,10000,50000,skewed,end_to_end,0.267949,0.00359963,37320.5,2447969072293711489,true,3
stealing,4,10000,50000,skewed,prequeued,0.295667,0.0023847,33821.8,2447969072293711489,true,3
stealing,2,10000,50000,skewed,end_to_end,0.484201,0.00241924,20652.6,2447969072293711489,true,3
stealing,2,10000,50000,skewed,prequeued,0.498708,0.00247362,20051.8,2447969072293711489,true,3
stealing,1,10000,50000,skewed,end_to_end,0.942484,0.002654,10610.3,2447969072293711489,true,3
stealing,1,10000,50000,skewed,prequeued,0.947684,0.00220648,10552,2447969072293711489,true,3
baseline,8,10000,50000,skewed,end_to_end,0.940076,0.00209366,10637.4,2447969072293711489,true,3
baseline,8,10000,50000,skewed,prequeued,0.952719,0.00210678,10496.3,2447969072293711489,true,3
baseline,4,10000,50000,skewed,end_to_end,0.962324,0.00581973,10391.5,2447969072293711489,true,3
baseline,4,10000,50000,skewed,prequeued,0.948285,0.00202885,10545.4,2447969072293711489,true,3
baseline,2,10000,50000,skewed,end_to_end,0.955012,0.00305367,10471.1,2447969072293711489,true,3
baseline,2,10000,50000,skewed,prequeued,0.95396,0.00231822,10482.6,2447969072293711489,true,3
baseline,1,10000,50000,skewed,end_to_end,1.03117,0.00361939,9697.74,2447969072293711489,true,3
baseline,1,10000,50000,skewed,prequeued,0.941881,0.00228013,10617.1,2447969072293711489,true,3
stealing,8,10000,50000,balanced,end_to_end,0.326158,0.028135,30660,2447969072293711489,true,3
stealing,8,10000,50000,balanced,prequeued,0.326241,0.00214581,30652.2,2447969072293711489,true,3
stealing,4,10000,50000,balanced,end_to_end,0.351193,0.00986687,28474.4,2447969072293711489,true,3
stealing,4,10000,50000,balanced,prequeued,0.370907,0.0032812,26960.9,2447969072293711489,true,3
stealing,2,10000,50000,balanced,end_to_end,0.476157,0.00671638,21001.5,2447969072293711489,true,3
stealing,2,10000,50000,balanced,prequeued,0.48285,0.00219542,20710.4,2447969072293711489,true,3
stealing,1,10000,50000,balanced,end_to_end,0.950683,0.00384261,10518.8,2447969072293711489,true,3
stealing,1,10000,50000,balanced,prequeued,0.947364,0.00307087,10555.6,2447969072293711489,true,3
baseline,8,10000,50000,balanced,end_to_end,0.36444,0.00535808,27439.4,2447969072293711489,true,3
baseline,8,10000,50000,balanced,prequeued,0.325847,0.00227028,30689.3,2447969072293711489,true,3
baseline,4,10000,50000,balanced,end_to_end,0.392649,0.00340895,25468.1,2447969072293711489,true,3
baseline,4,10000,50000,balanced,prequeued,0.418569,0.00290661,23890.9,2447969072293711489,true,3
baseline,2,10000,50000,balanced,end_to_end,0.494919,0.00523038,20205.3,2447969072293711489,true,3
baseline,4,10000,50000,balanced,prequeued,0.366639,0.00276675,27274.8,2447969072293711489,true,4
baseline,4,10000,50000,balanced,end_to_end,0.36574,0.00739063,27341.8,2447969072293711489,true,4
baseline,8,10000,50000,balanced,prequeued,0.300367,0.00237287,33292.6,2447969072293711489,true,4
baseline,8,10000,50000,balanced,end_to_end,0.320126,0.0133677,31237.7,2447969072293711489,true,4
stealing,1,10000,50000,balanced,prequeued,0.953945,0.00271114,10482.8,2447969072293711489,true,4
stealing,1,10000,50000,balanced,end_to_end,0.945967,0.00213893,10571.2,2447969072293711489,true,4
stealing,2,10000,50000,balanced,prequeued,0.49851,0.00598385,20059.8,2447969072293711489,true,4
stealing,2,10000,50000,balanced,end_to_end,0.47792,0.0057559,20924,2447969072293711489,true,4
stealing,4,10000,50000,balanced,prequeued,0.344622,0.00273251,29017.3,2447969072293711489,true,4
stealing,4,10000,50000,balanced,end_to_end,0.263707,0.00534784,37920.8,2447969072293711489,true,4
stealing,8,10000,50000,balanced,prequeued,0.259424,0.00230741,38546.9,2447969072293711489,true,4
stealing,8,10000,50000,balanced,end_to_end,0.241842,0.0140955,41349.3,2447969072293711489,true,4
baseline,1,10000,50000,skewed,prequeued,0.938826,0.00206282,10651.6,2447969072293711489,true,4
baseline,1,10000,50000,skewed,end_to_end,0.938208,0.0021716,10658.6,2447969072293711489,true,4
baseline,2,10000,50000,skewed,prequeued,0.940354,0.0022107,10634.3,2447969072293711489,true,4
baseline,2,10000,50000,skewed,end_to_end,0.974814,0.00270562,10258.4,2447969072293711489,true,4
baseline,4,10000,50000,skewed,prequeued,0.964622,0.00254991,10366.8,2447969072293711489,true,4
baseline,4,10000,50000,skewed,end_to_end,0.991828,0.00299015,10082.4,2447969072293711489,true,4
baseline,8,10000,50000,skewed,prequeued,0.970883,0.0024202,10299.9,2447969072293711489,true,4
baseline,8,10000,50000,skewed,end_to_end,0.939828,0.00241048,10640.2,2447969072293711489,true,4
stealing,1,10000,50000,skewed,prequeued,0.943717,0.00249562,10596.4,2447969072293711489,true,4
stealing,1,10000,50000,skewed,end_to_end,0.936643,0.0028119,10676.4,2447969072293711489,true,4
stealing,2,10000,50000,skewed,prequeued,0.485944,0.00237401,20578.5,2447969072293711489,true,4
stealing,2,10000,50000,skewed,end_to_end,0.487885,0.0028602,20496.6,2447969072293711489,true,4
stealing,4,10000,50000,skewed,prequeued,0.283011,0.002998,35334.3,2447969072293711489,true,4
stealing,4,10000,50000,skewed,end_to_end,0.307146,0.00523375,32557.8,2447969072293711489,true,4
stealing,8,10000,50000,skewed,prequeued,0.306476,0.00227692,32629,2447969072293711489,true,4
stealing,8,10000,50000,skewed,end_to_end,0.273988,0.0124883,36498,2447969072293711489,true,4
baseline,1,10000,50000,balanced,prequeued,0.946298,0.00226913,10567.5,2447969072293711489,true,4
baseline,1,10000,50000,balanced,end_to_end,0.941609,0.00212073,10620.1,2447969072293711489,true,4
baseline,2,10000,50000,balanced,prequeued,0.483183,0.00205497,20696.1,2447969072293711489,true,4
baseline,2,10000,50000,balanced,end_to_end,0.475749,0.0025853,21019.5,2447969072293711489,true,4
baseline,4,10000,50000,balanced,prequeued,0.285636,0.00203315,35009.6,2447969072293711489,true,5
baseline,2,10000,50000,balanced,end_to_end,0.47392,0.00318678,21100.6,2447969072293711489,true,5
baseline,2,10000,50000,balanced,prequeued,0.476378,0.0020996,20991.7,2447969072293711489,true,5
baseline,1,10000,50000,balanced,end_to_end,0.939063,0.00225705,10648.9,2447969072293711489,true,5
baseline,1,10000,50000,balanced,prequeued,0.944594,0.00234189,10586.6,2447969072293711489,true,5
stealing,8,10000,50000,skewed,end_to_end,0.265836,0.00959898,37617.2,2447969072293711489,true,5
stealing,8,10000,50000,skewed,prequeued,0.242872,0.0025687,41173.9,2447969072293711489,true,5
stealing,4,10000,50000,skewed,end_to_end,0.270536,0.00613249,36963.6,2447969072293711489,true,5
stealing,4,10000,50000,skewed,prequeued,0.264501,0.00230505,37807.1,2447969072293711489,true,5
stealing,2,10000,50000,skewed,end_to_end,0.483481,0.00351617,20683.3,2447969072293711489,true,5
stealing,2,10000,50000,skewed,prequeued,0.480072,0.00236598,20830.2,2447969072293711489,true,5
stealing,1,10000,50000,skewed,end_to_end,0.942702,0.00276134,10607.8,2447969072293711489,true,5
stealing,1,10000,50000,skewed,prequeued,0.940333,0.00212151,10634.5,2447969072293711489,true,5
baseline,8,10000,50000,skewed,end_to_end,0.947954,0.00225639,10549,2447969072293711489,true,5
baseline,8,10000,50000,skewed,prequeued,0.946594,0.00242381,10564.2,2447969072293711489,true,5
baseline,4,10000,50000,skewed,end_to_end,0.97277,0.002319,10279.9,2447969072293711489,true,5
baseline,4,10000,50000,skewed,prequeued,0.943753,0.00216186,10596,2447969072293711489,true,5
baseline,2,10000,50000,skewed,end_to_end,0.938337,0.00221391,10657.2,2447969072293711489,true,5
baseline,2,10000,50000,skewed,prequeued,0.939275,0.00214803,10646.5,2447969072293711489,true,5
baseline,1,10000,50000,skewed,end_to_end,0.940898,0.00314804,10628.1,2447969072293711489,true,5
baseline,1,10000,50000,skewed,prequeued,0.941588,0.00205963,10620.4,2447969072293711489,true,5
stealing,8,10000,50000,balanced,end_to_end,0.319698,0.010229,31279.6,2447969072293711489,true,5
stealing,8,10000,50000,balanced,prequeued,0.240655,0.00219242,41553.2,2447969072293711489,true,5
stealing,4,10000,50000,balanced,end_to_end,0.2435,0.00527061,41067.7,2447969072293711489,true,5
stealing,4,10000,50000,balanced,prequeued,0.243546,0.00236633,41060,2447969072293711489,true,5
stealing,2,10000,50000,balanced,end_to_end,0.47294,0.0040509,21144.3,2447969072293711489,true,5
stealing,2,10000,50000,balanced,prequeued,0.469765,0.00216808,21287.2,2447969072293711489,true,5
stealing,1,10000,50000,balanced,end_to_end,0.951955,0.00276513,10504.7,2447969072293711489,true,5
stealing,1,10000,50000,balanced,prequeued,0.943346,0.00229204,10600.6,2447969072293711489,true,5
baseline,8,10000,50000,balanced,end_to_end,0.324976,0.0139872,30771.5,2447969072293711489,true,5
baseline,8,10000,50000,balanced,prequeued,0.271238,0.00229316,36868,2447969072293711489,true,5
baseline,4,10000,50000,balanced,end_to_end,0.256683,0.00576873,38958.6,2447969072293711489,true,5
baseline,8,10000,50000,balanced,prequeued,0.24986,0.0021057,40022.4,2447969072293711489,true,6
baseline,8,10000,50000,balanced,end_to_end,0.245097,0.00832315,40800.2,2447969072293711489,true,6
stealing,1,10000,50000,balanced,prequeued,0.944895,0.00262753,10583.2,2447969072293711489,true,6
stealing,1,10000,50000,balanced,end_to_end,0.945359,0.00231212,10578,2447969072293711489,true,6
stealing,2,10000,50000,balanced,prequeued,0.475975,0.00221798,21009.5,2447969072293711489,true,6
stealing,2,10000,50000,balanced,end_to_end,0.482085,0.00248619,20743.2,2447969072293711489,true,6
stealing,4,10000,50000,balanced,prequeued,0.247571,0.00227374,40392.5,2447969072293711489,true,6
stealing,4,10000,50000,balanced,end_to_end,0.365896,0.0127178,27330.2,2447969072293711489,true,6
stealing,8,10000,50000,balanced,prequeued,0.25855,0.00228083,38677.2,2447969072293711489,true,6
stealing,8,10000,50000,balanced,end_to_end,0.245292,0.0173634,40767.7,2447969072293711489,true,6
baseline,1,10000,50000,skewed,prequeued,0.943182,0.00204344,10602.4,2447969072293711489,true,6
baseline,1,10000,50000,skewed,end_to_end,0.946203,0.00245515,10568.6,2447969072293711489,true,6
baseline,2,10000,50000,skewed,prequeued,0.941935,0.00208922,10616.4,2447969072293711489,true,6
baseline,2,10000,50000,skewed,end_to_end,0.947261,0.00239702,10556.8,2447969072293711489,true,6
baseline,4,10000,50000,skewed,prequeued,0.952969,0.00216103,10493.5,2447969072293711489,true,6
baseline,4,10000,50000,skewed,end_to_end,0.942395,0.00261959,10611.3,2447969072293711489,true,6
baseline,8,10000,50000,skewed,prequeued,0.943569,0.00286416,10598.1,2447969072293711489,true,6
baseline,8,10000,50000,skewed,end_to_end,0.939938,0.00219832,10639,2447969072293711489,true,6
stealing,1,10000,50000,skewed,prequeued,0.957203,0.00272004,10447.1,2447969072293711489,true,6
stealing,1,10000,50000,skewed,end_to_end,0.947657,0.00322634,10552.3,2447969072293711489,true,6
stealing,2,10000,50000,skewed,prequeued,0.484234,0.00214434,20651.2,2447969072293711489,true,6
stealing,2,10000,50000,skewed,end_to_end,0.488262,0.00295573,20480.8,2447969072293711489,true,6
stealing,4,10000,50000,skewed,prequeued,0.258578,0.00217541,38673,2447969072293711489,true,6
stealing,4,10000,50000,skewed,end_to_end,0.26311,0.00524114,38006.8,2447969072293711489,true,6
stealing,8,10000,50000,skewed,prequeued,0.241398,0.00236885,41425.4,2447969072293711489,true,6
stealing,8,10000,50000,skewed,end_to_end,0.250579,0.00888971,39907.6,2447969072293711489,true,6
baseline,1,10000,50000,balanced,prequeued,0.94512,0.00205307,10580.7,2447969072293711489,true,6
baseline,1,10000,50000,balanced,end_to_end,0.945257,0.00217049,10579.1,2447969072293711489,true,6
baseline,2,10000,50000,balanced,prequeued,0.475707,0.00235671,21021.3,2447969072293711489,true,6
baseline,2,10000,50000,balanced,end_to_end,0.474207,0.00528622,21087.8,2447969072293711489,true,6
baseline,4,10000,50000,balanced,prequeued,0.271959,0.00224278,36770.2,2447969072293711489,true,6
baseline,4,10000,50000,balanced,end_to_end,0.251321,0.00639105,39789.7,2447969072293711489,true,6
baseline,8,10000,50000,balanced,prequeued,0.269915,0.00268976,37048.7,2447969072293711489,true,7
baseline,4,10000,50000,balanced,end_to_end,0.311348,0.00725942,32118.4,2447969072293711489,true,7
baseline,4,10000,50000,balanced,prequeued,0.259745,0.00217126,38499.3,2447969072293711489,true,7
baseline,2,10000,50000,balanced,end_to_end,0.495553,0.0033401,20179.5,2447969072293711489,true,7
baseline,2,10000,50000,balanced,prequeued,0.475304,0.00233944,21039.2,2447969072293711489,true,7
baseline,1,10000,50000,balanced,end_to_end,0.940105,0.00222088,10637.1,2447969072293711489,true,7
baseline,1,10000,50000,balanced,prequeued,0.945333,0.0022731,10578.3,2447969072293711489,true,7
stealing,8,10000,50000,skewed,end_to_end,0.262067,0.00912502,38158.1,2447969072293711489,true,7
stealing,8,10000,50000,skewed,prequeued,0.27286,0.00229943,36648.8,2447969072293711489,true,7
stealing,4,10000,50000,skewed,end_to_end,0.262071,0.00590164,38157.6,2447969072293711489,true,7
stealing,4,10000,50000,skewed,prequeued,0.256685,0.00218833,38958.3,2447969072293711489,true,7
stealing,2,10000,50000,skewed,end_to_end,0.482933,0.00251519,20706.8,2447969072293711489,true,7
stealing,2,10000,50000,skewed,prequeued,0.49986,0.00242095,20005.6,2447969072293711489,true,7
stealing,1,10000,50000,skewed,end_to_end,0.959044,0.00235039,10427.1,2447969072293711489,true,7
stealing,1,10000,50000,skewed,prequeued,0.948824,0.00227559,10539.4,2447969072293711489,true,7
baseline,8,10000,50000,skewed,end_to_end,0.944546,0.00317266,10587.1,2447969072293711489,true,7
baseline,8,10000,50000,skewed,prequeued,0.944191,0.00214738,10591.1,2447969072293711489,true,7
baseline,4,10000,50000,skewed,end_to_end,0.943234,0.00316734,10601.8,2447969072293711489,true,7
baseline,4,10000,50000,skewed,prequeued,0.955575,0.00215624,10464.9,2447969072293711489,true,7
baseline,2,10000,50000,skewed,end_to_end,0.936654,0.00217913,10676.3,2447969072293711489,true,7
baseline,2,10000,50000,skewed,prequeued,0.944843,0.00216894,10583.8,2447969072293711489,true,7
baseline,1,10000,50000,skewed,end_to_end,0.944548,0.00225015,10587.1,2447969072293711489,true,7
baseline,1,10000,50000,skewed,prequeued,0.943631,0.00299074,10597.4,2447969072293711489,true,7
stealing,8,10000,50000,balanced,end_to_end,0.248751,0.00915168,40200.8,2447969072293711489,true,7
stealing,8,10000,50000,balanced,prequeued,0.344824,0.00225988,29000.3,2447969072293711489,true,7
stealing,4,10000,50000,balanced,end_to_end,0.310025,0.00657564,32255.5,2447969072293711489,true,7
stealing,4,10000,50000,balanced,prequeued,0.248216,0.00221456,40287.5,2447969072293711489,true,7
stealing,2,10000,50000,balanced,end_to_end,0.473427,0.00228366,21122.6,2447969072293711489,true,7
stealing,2,10000,50000,balanced,prequeued,0.487738,0.00237966,20502.8,2447969072293711489,true,7
stealing,1,10000,50000,balanced,end_to_end,0.942725,0.00224619,10607.6,2447969072293711489,true,7
stealing,1,10000,50000,balanced,prequeued,0.942559,0.00290143,10609.4,2447969072293711489,true,7
baseline,8,10000,50000,balanced,end_to_end,0.256311,0.00704616,39015.1,2447969072293711489,true,7
stealing,1,10000,50000,balanced,prequeued,0.948634,0.0021274,10541.5,2447969072293711489,true,8
stealing,1,10000,50000,balanced,end_to_end,0.947244,0.00218523,10556.9,2447969072293711489,true,8
stealing,2,10000,50000,balanced,prequeued,0.479713,0.00211762,20845.8,2447969072293711489,true,8
stealing,2,10000,50000,balanced,end_to_end,0.476276,0.00246226,20996.2,2447969072293711489,true,8
stealing,4,10000,50000,balanced,prequeued,0.262603,0.00261614,38080.3,2447969072293711489,true,8
stealing,4,10000,50000,balanced,end_to_end,0.245932,0.00622503,40661.6,2447969072293711489,true,8
stealing,8,10000,50000,balanced,prequeued,0.272494,0.00216361,36698,2447969072293711489,true,8
stealing,8,10000,50000,balanced,end_to_end,0.247224,0.0087528,40449.2,2447969072293711489,true,8
baseline,1,10000,50000,skewed,prequeued,0.993413,0.0024206,10066.3,2447969072293711489,true,8
baseline,1,10000,50000,skewed,end_to_end,0.945031,0.00316636,10581.7,2447969072293711489,true,8
baseline,2,10000,50000,skewed,prequeued,0.941943,0.00223488,10616.4,2447969072293711489,true,8
baseline,2,10000,50000,skewed,end_to_end,0.947633,0.00227197,10552.6,2447969072293711489,true,8
baseline,4,10000,50000,skewed,prequeued,0.938499,0.00232169,10655.3,2447969072293711489,true,8
baseline,4,10000,50000,skewed,end_to_end,0.956544,0.00226135,10454.3,2447969072293711489,true,8
baseline,8,10000,50000,skewed,prequeued,0.943258,0.00262615,10601.6,2447969072293711489,true,8
baseline,8,10000,50000,skewed,end_to_end,0.941631,0.00318295,10619.9,2447969072293711489,true,8
stealing,1,10000,50000,skewed,prequeued,0.944729,0.00223196,10585,2447969072293711489,true,8
stealing,1,10000,50000,skewed,end_to_end,0.94713,0.00213379,10558.2,2447969072293711489,true,8
stealing,2,10000,50000,skewed,prequeued,0.560911,0.00283235,17828.1,2447969072293711489,true,8
stealing,2,10000,50000,skewed,end_to_end,0.498243,0.00600023,20070.5,2447969072293711489,true,8
stealing,4,10000,50000,skewed,prequeued,0.359291,0.00223325,27832.6,2447969072293711489,true,8
stealing,4,10000,50000,skewed,end_to_end,0.321434,0.00826011,31110.6,2447969072293711489,true,8
stealing,8,10000,50000,skewed,prequeued,0.2513,0.00230477,39793.1,2447969072293711489,true,8
stealing,8,10000,50000,skewed,end_to_end,0.253345,0.00834505,39471.9,2447969072293711489,true,8
baseline,1,10000,50000,balanced,prequeued,0.940051,0.00290019,10637.7,2447969072293711489,true,8
baseline,1,10000,50000,balanced,end_to_end,0.944309,0.00230971,10589.8,2447969072293711489,true,8
baseline,2,10000,50000,balanced,prequeued,0.478972,0.00250022,20878.1,2447969072293711489,true,8
baseline,2,10000,50000,balanced,end_to_end,0.47258,0.00221392,21160.5,2447969072293711489,true,8
baseline,4,10000,50000,balanced,prequeued,0.258936,0.00220729,38619.6,2447969072293711489,true,8
baseline,4,10000,50000,balanced,end_to_end,0.249575,0.00296305,40068.1,2447969072293711489,true,8
baseline,8,10000,50000,balanced,prequeued,0.34149,0.00211404,29283.4,2447969072293711489,true,8
baseline,8,10000,50000,balanced,end_to_end,0.342074,0.0117637,29233.4,2447969072293711489,true,8
stealing,1,10000,50000,balanced,prequeued,0.941526,0.00231817,10621.1,2447969072293711489,true,9
baseline,8,10000,50000,balanced,end_to_end,0.259421,0.0082961,38547.3,2447969072293711489,true,9
baseline,8,10000,50000,balanced,prequeued,0.267636,0.00219322,37364.2,2447969072293711489,true,9
baseline,4,10000,50000,balanced,end_to_end,0.256028,0.00326707,39058.3,2447969072293711489,true,9
baseline,4,10000,50000,balanced,prequeued,0.247015,0.00216899,40483.4,2447969072293711489,true,9
baseline,2,10000,50000,balanced,end_to_end,0.470482,0.00287067,21254.8,2447969072293711489,true,9
baseline,2,10000,50000,balanced,prequeued,0.475439,0.00217613,21033.2,2447969072293711489,true,9
baseline,1,10000,50000,balanced,end_to_end,0.936983,0.00224923,10672.6,2447969072293711489,true,9
baseline,1,10000,50000,balanced,prequeued,0.962127,0.00237729,10393.6,2447969072293711489,true,9
stealing,8,10000,50000,skewed,end_to_end,0.289818,0.0124514,34504.4,2447969072293711489,true,9
stealing,8,10000,50000,skewed,prequeued,0.320419,0.00376461,31209.1,2447969072293711489,true,9
stealing,4,10000,50000,skewed,end_to_end,0.373946,0.005464,26741.8,2447969072293711489,true,9
stealing,4,10000,50000,skewed,prequeued,0.291951,0.00244104,34252.3,2447969072293711489,true,9
stealing,2,10000,50000,skewed,end_to_end,0.504026,0.00578839,19840.2,2447969072293711489,true,9
stealing,2,10000,50000,skewed,prequeued,0.486997,0.00731958,20534,2447969072293711489,true,9
stealing,1,10000,50000,skewed,end_to_end,0.978529,0.00289285,10219.4,2447969072293711489,true,9
stealing,1,10000,50000,skewed,prequeued,0.955317,0.00251891,10467.7,2447969072293711489,true,9
baseline,8,10000,50000,skewed,end_to_end,0.965226,0.00282694,10360.3,2447969072293711489,true,9
baseline,8,10000,50000,skewed,prequeued,0.968241,0.00227738,10328,2447969072293711489,true,9
baseline,4,10000,50000,skewed,end_to_end,0.961107,0.00237499,10404.7,2447969072293711489,true,9
baseline,4,10000,50000,skewed,prequeued,0.946228,0.00281072,10568.3,2447969072293711489,true,9
baseline,2,10000,50000,skewed,end_to_end,0.973868,0.00527398,10268.3,2447969072293711489,true,9
baseline,2,10000,50000,skewed,prequeued,0.972868,0.00256407,10278.9,2447969072293711489,true,9
baseline,1,10000,50000,skewed,end_to_end,0.95656,0.0025163,10454.1,2447969072293711489,true,9
baseline,1,10000,50000,skewed,prequeued,0.956198,0.0020156,10458.1,2447969072293711489,true,9
stealing,8,10000,50000,balanced,end_to_end,0.324834,0.0173728,30784.9,2447969072293711489,true,9
stealing,8,10000,50000,balanced,prequeued,0.314435,0.00229411,31803.1,2447969072293711489,true,9
stealing,4,10000,50000,balanced,end_to_end,0.303389,0.00493173,32960.9,2447969072293711489,true,9
stealing,4,10000,50000,balanced,prequeued,0.277331,0.00221987,36057.9,2447969072293711489,true,9
stealing,2,10000,50000,balanced,end_to_end,0.484918,0.00598686,20622,2447969072293711489,true,9
stealing,2,10000,50000,balanced,prequeued,0.48569,0.00589973,20589.3,2447969072293711489,true,9
stealing,1,10000,50000,balanced,end_to_end,0.988455,0.00310435,10116.8,2447969072293711489,true,9
