allocator,pattern,repeat,batch,batches,allocations,alloc_batch_p50_ns_per_op,alloc_batch_p95_ns_per_op,alloc_batch_p99_ns_per_op,reclaim_batch_p50_ns_per_op,payload_bytes,internal_waste_bytes,bookkeeping_reserved_bytes,checksum
pool,aligned,0,256,48242,12349952,4.69531,5.05078,5.91016,1.72266,16352,16416,576,1574618880
stack,aligned,0,256,58860,15068160,4.30469,4.5,5.40234,0.78125,16352,0,65600,1921190400
arena,aligned,0,256,115555,29582080,2.15234,2.54688,2.89844,0.117188,16352,0,64,3771715200
malloc,aligned,0,256,23099,5913344,6.61719,10.1328,11.9375,7.00781,16352,,,753951360
pool,odd,0,256,46482,11899392,4.69922,5.24609,6.37891,1.72266,10866,21902,576,1517172480
stack,odd,0,256,61277,15686912,4.26562,4.38672,5.40234,0.746094,10866,3009,65600,2000081280
arena,odd,0,256,121289,31049984,2.11328,2.34766,2.66406,0.117188,10866,3009,64,3958872960
malloc,odd,0,256,25989,6653184,6.45703,8.21875,9.51172,7.00781,10866,,,848280960
stack,aligned,1,256,60645,15525120,4.26562,4.54297,6.18359,0.78125,16352,0,65600,1979452800
arena,aligned,1,256,116165,29738240,2.15234,2.54688,2.89844,0.117188,16352,0,64,3791625600
malloc,aligned,1,256,23318,5969408,6.61719,10.0586,11.8594,7.00781,16352,,,761099520
pool,aligned,1,256,48963,12534528,4.69531,5.08984,6.49609,1.72266,16352,16416,576,1598152320
stack,odd,1,256,62069,15889664,4.26562,4.46094,5.40234,0.78125,10866,3009,65600,2025932160
arena,odd,1,256,118424,30316544,2.15234,2.42578,2.85938,0.117188,10866,3009,64,3865359360
malloc,odd,1,256,24271,6213376,6.45703,10.0977,11.543,7.04297,10866,,,792205440
pool,odd,1,256,48998,12543488,4.69531,5.39844,6.0625,1.72266,10866,21902,576,1599294720
arena,aligned,2,256,117028,29959168,2.15234,2.54297,3.36328,0.117188,16352,0,64,3819793920
malloc,aligned,2,256,24673,6316288,6.61719,9.94141,11.1523,7.00391,16352,,,805326720
pool,aligned,2,256,49528,12679168,4.69531,5.05078,5.91016,1.72266,16352,16416,576,1616593920
stack,aligned,2,256,61929,15853824,4.26562,4.42188,5.36328,0.78125,16352,0,65600,2021362560
arena,odd,2,256,119727,30650112,2.11328,2.38672,2.66406,0.117188,10866,3009,64,3907889280
malloc,odd,2,256,25283,6472448,6.45703,9.19531,10.2148,7.04297,10866,,,825237120
pool,odd,2,256,48508,12418048,4.69531,4.97266,5.87109,1.72266,10866,21902,576,1583301120
stack,odd,2,256,58252,14912512,4.30469,4.66016,5.51953,0.785156,10866,3009,65600,1901345280
malloc,aligned,3,256,24574,6290944,6.61328,10.0586,10.957,7.00391,16352,,,802095360
pool,aligned,3,256,48856,12507136,4.69531,5.20312,6.37891,1.72266,16352,16416,576,1594659840
stack,aligned,3,256,59922,15340032,4.30469,4.57812,6.21875,0.78125,16352,0,65600,1955854080
arena,aligned,3,256,114261,29250816,2.15234,2.625,3.08984,0.117188,16352,0,64,3729479040
malloc,odd,3,256,23505,6017280,6.49609,9.89844,11.582,7.08203,10866,,,767203200
pool,odd,3,256,48977,12538112,4.69531,5.08594,5.91016,1.72266,10866,21902,576,1598609280
stack,odd,3,256,61969,15864064,4.26562,4.42188,5.36328,0.78125,10866,3009,65600,2022668160
arena,odd,3,256,113809,29135104,2.15234,2.89453,3.05469,0.117188,10866,3009,64,3714725760
pool,aligned,4,256,47397,12133632,4.69922,5.28516,5.98828,1.72266,16352,16416,576,1547038080
stack,aligned,4,256,59987,15356672,4.30469,4.57812,6.18359,0.78125,16352,0,65600,1957975680
arena,aligned,4,256,114938,29424128,2.15234,2.66016,2.89453,0.117188,16352,0,64,3751576320
malloc,aligned,4,256,24427,6253312,6.65234,10.4102,12.0508,7.00391,16352,,,797297280
pool,odd,4,256,48875,12512000,4.69531,5.20312,5.98438,1.72266,10866,21902,576,1595280000
stack,odd,4,256,62281,15943936,4.26562,4.38281,5.36328,0.78125,10866,3009,65600,2032851840
arena,odd,4,256,120653,30887168,2.11328,2.39062,2.70312,0.117188,10866,3009,64,3938113920
malloc,odd,4,256,26522,6789632,6.41797,6.69141,8.29688,7.00391,10866,,,865678080
stack,aligned,5,256,62841,16087296,4.26562,4.34375,5.36328,0.746094,16352,0,65600,2051130240
arena,aligned,5,256,117777,30150912,2.15234,2.46484,2.85938,0.117188,16352,0,64,3844241280
malloc,aligned,5,256,22187,5679872,6.65234,10.9219,12.0547,7.00781,16352,,,724183680
pool,aligned,5,256,46789,11977984,4.69922,5.24609,6.02734,1.91797,16352,16416,576,1527192960
stack,odd,5,256,60239,15421184,4.30469,4.50391,5.4375,0.78125,10866,3009,65600,1966200960
arena,odd,5,256,113547,29068032,2.15234,2.69922,3.05078,0.117188,10866,3009,64,3706174080
malloc,odd,5,256,24214,6198784,6.49609,9.90234,11.5469,7.04688,10866,,,790344960
pool,odd,5,256,49360,12636160,4.69531,5.16406,5.94922,1.72266,10866,21902,576,1611110400
arena,aligned,6,256,119847,30680832,2.15234,2.38672,2.69922,0.117188,16352,0,64,3911806080
malloc,aligned,6,256,23139,5923584,6.65234,10.7617,11.9766,7.00391,16352,,,755256960
pool,aligned,6,256,47059,12047104,4.69922,5.36328,6.06641,1.72266,16352,16416,576,1536005760
stack,aligned,6,256,60168,15403008,4.26953,4.46484,5.36328,0.78125,16352,0,65600,1963883520
arena,odd,6,256,119451,30579456,2.11328,2.46484,2.97266,0.117188,10866,3009,64,3898880640
malloc,odd,6,256,23661,6057216,6.49609,10.4492,11.582,7.08203,10866,,,772295040
pool,odd,6,256,47467,12151552,4.69531,5.20703,5.94922,1.72266,10866,21902,576,1549322880
stack,odd,6,256,61673,15788288,4.26562,4.42188,5.35938,0.78125,10866,3009,65600,2013006720
malloc,aligned,7,256,24849,6361344,6.61328,9.35156,10.5664,7.00391,16352,,,811071360
pool,aligned,7,256,50019,12804864,4.69531,4.81641,5.91016,1.72266,16352,16416,576,1632620160
stack,aligned,7,256,62826,16083456,4.26562,4.38281,5.36328,0.78125,16352,0,65600,2050640640
arena,aligned,7,256,119891,30692096,2.15234,2.38672,2.93359,0.117188,16352,0,64,3913242240
malloc,odd,7,256,25550,6540800,6.45703,9.15625,10.918,7.00781,10866,,,833952000
pool,odd,7,256,49006,12545536,4.69531,5.40234,6.0625,1.72266,10866,21902,576,1599555840
stack,odd,7,256,61220,15672320,4.26562,4.5,5.40234,0.78125,10866,3009,65600,1998220800
arena,odd,7,256,108699,27826944,2.15234,2.82031,3.16797,0.117188,10866,3009,64,3547935360
pool,aligned,8,256,49512,12675072,4.69531,4.85156,5.91016,1.72266,16352,16416,576,1616071680
stack,aligned,8,256,63628,16288768,4.26562,4.30859,5.00781,0.746094,16352,0,65600,2076817920
arena,aligned,8,256,116982,29947392,2.15234,2.89453,2.97656,0.117188,16352,0,64,3818292480
malloc,aligned,8,256,25199,6450944,6.61328,9.46875,11.4258,7.00391,16352,,,822495360
pool,odd,8,256,50166,12842496,4.69531,4.77734,5.83203,1.72266,10866,21902,576,1637418240
stack,odd,8,256,61969,15864064,4.26562,4.38281,5.36328,0.78125,10866,3009,65600,2022668160
arena,odd,8,256,117132,29985792,2.15234,2.50391,2.85938,0.117188,10866,3009,64,3823188480
malloc,odd,8,256,26236,6716416,6.45703,6.69141,9.23438,7.04688,10866,,,856343040
stack,aligned,9,256,63417,16234752,4.26562,4.34375,5.28516,0.746094,16352,0,65600,2069930880
arena,aligned,9,256,122393,31332608,2.11328,2.15625,2.66016,0.117188,16352,0,64,3994907520
malloc,aligned,9,256,24385,6242560,6.61328,10.2148,11.625,7.00391,16352,,,795926400
pool,aligned,9,256,48992,12541952,4.69531,5.05078,5.94531,1.72266,16352,16416,576,1599098880
stack,odd,9,256,60174,15404544,4.26562,4.57812,6.18359,0.78125,10866,3009,65600,1964079360
arena,odd,9,256,115295,29515520,2.15234,2.66016,2.89844,0.117188,10866,3009,64,3763228800
malloc,odd,9,256,23810,6095360,6.49609,9.86328,11.543,7.04688,10866,,,777158400
pool,odd,9,256,48661,12457216,4.69531,5.00781,5.94922,1.72266,10866,21902,576,1588295040
