mode,repeat,samples,p50_ns,p99_ns,max_ns,minor_faults,major_faults
first_touch,0,512,18400.0,51677.0,241865.0,8195,0
first_touch,1,512,18630.5,34335.0,68629.0,8195,0
first_touch,2,512,19076.0,49623.0,68829.0,8195,0
first_touch,3,512,18655.0,38552.0,94979.0,8195,0
first_touch,4,512,18926.0,45866.0,66785.0,8195,0
first_touch,5,512,19286.0,49823.0,81514.0,8195,0
first_touch,6,512,18675.5,38392.0,81373.0,8195,0
first_touch,7,512,18429.5,35347.0,66856.0,8195,0
first_touch,8,512,18495.5,34625.0,98184.0,8195,0
first_touch,9,512,17813.0,36068.0,148099.0,8195,0
prefaulted,0,512,250.0,581.0,821.0,3,0
prefaulted,1,512,261.0,581.0,33011.0,3,0
prefaulted,2,512,261.0,611.0,832.0,3,0
prefaulted,3,512,271.0,681.0,742.0,3,0
prefaulted,4,512,240.0,581.0,741.0,3,0
prefaulted,5,512,241.0,651.0,722.0,3,0
prefaulted,6,512,241.0,581.0,792.0,3,0
prefaulted,7,512,240.0,601.0,751.0,3,0
prefaulted,8,512,231.0,581.0,761.0,3,0
prefaulted,9,512,241.0,601.0,731.0,3,0
malloc_growth,0,512,24331.0,56167.0,275729.0,8195,0
malloc_growth,1,512,18935.5,35997.0,104347.0,8195,0
malloc_growth,2,512,19937.5,44233.0,75753.0,8195,0
malloc_growth,3,512,18976.0,40355.0,88225.0,8195,0
malloc_growth,4,512,18770.0,37279.0,68650.0,8195,0
malloc_growth,5,512,19407.0,44123.0,73679.0,8195,0
malloc_growth,6,512,18906.0,50905.0,104526.0,8195,0
malloc_growth,7,512,19025.5,41869.0,96121.0,8195,0
malloc_growth,8,512,19491.5,39885.0,73638.0,8195,0
malloc_growth,9,512,18710.5,47239.0,80672.0,8195,0
